<PAPER>
  <mode2 name="14722112_arathi" hasDoc="yes" version="1258"/>
  <TITLE>
    <s sid="1">5-Aza-2&#8242;-deoxycytidine Activates the p53/p21Waf1/Cip1 Pathway to Inhibit Cell Proliferation*<CoreSc1 atype="GSC" type="Con" conceptID="Con1" novelty="None" advantage="None"/></s>
  </TITLE>
  <ABSTRACT>
    <p xmlns:xhtml="http://www.w3.org/1999/xhtml" id="p-1">
      <s sid="2">In addition to its demethylating function, 5-aza-2&#8242;-deoxycytidine (5-aza-CdR) also plays an important role in inducing cell cycle arrest, differentiation, and cell death.<CoreSc1 atype="GSC" type="Bac" conceptID="Bac1" novelty="None" advantage="None"/></s>
      <s sid="3">However, the mechanism by which 5-aza-CdR induces antineoplastic activity is not clear.<CoreSc1 atype="GSC" type="Mot" conceptID="Mot1" novelty="None" advantage="None"/></s>
      <s sid="4">In this study, we found that 5-aza-CdR at limited concentrations (0.01&#8211;5 &#956;<span class="sc">m</span>) induces inhibition of cell proliferation as well as increased p53/p21<sup>Waf1/Cip1</sup> expression in A549 cells (wild-type p53) but not in H1299 (p53-null) and H719 cells (p53 mutant).<CoreSc1 atype="GSC" type="Res" conceptID="Res1" novelty="None" advantage="None"/></s>
      <s sid="5">The p53-dependent p21<sup>Waf1/Cip1</sup> expression induced by 5-aza-CdR was not seen in A549 cells transfected with the wild-type human papilloma virus type-16 E6 gene that induces p53 degradation.<CoreSc1 atype="GSC" type="Res" conceptID="Res2" novelty="None" advantage="None"/></s>
      <s sid="6">Furthermore, deletion analysis and site-directed mutagenesis of the p21 promoter reveals that 5-aza-CdR induces p21<sup>Waf1/Cip1</sup> expression through two p53 binding sites in the p21 promoter.<CoreSc1 atype="GSC" type="Res" conceptID="Res3" novelty="None" advantage="None"/></s>
      <s sid="7">Finally, 5-aza-CdR-induced p21<sup>Waf1/Cip1</sup> expression was dependent on DNA damage but not on DNA demethylation as demonstrated by comet assay and bisulfite sequencing, respectively.<CoreSc1 atype="GSC" type="Res" conceptID="Res4" novelty="None" advantage="None"/><CoreSc2 atype="GSC" type="Met" conceptID="Met1" novelty="None" advantage="None"/></s>
      <s sid="8">Our data provide useful clues for judging the therapeutic efficacy of 5-aza-CdR in the treatment of human cancer cells.<CoreSc1 atype="GSC" type="Con" conceptID="Con2" novelty="None" advantage="None"/></s>
    </p>
  </ABSTRACT>
  <BODY>
    <SEC>
      <TITLE/>
      <p xmlns:xhtml="http://www.w3.org/1999/xhtml" id="p-2">
        <s sid="9">As demethylating agents, 5-aza-cytidine and 5-aza-2&#8242;-deoxycytidine (5-aza-CdR)<sup><xref class="xref-fn" href="#fn-1" rid="xref-fn-1-1">1</xref></sup> have been extensively used for epigenetic research (<xref class="xref-ref" href="#ref-1" rid="xref-ref-1-1">1</xref>&#8211;<xref class="xref-ref" href="#ref-4" rid="xref-ref-4-1">4</xref>).<CoreSc1 atype="GSC" type="Obj" conceptID="Obj1" novelty="None" advantage="None"/></s>
        <s sid="10">Both demethylating agents are incorporated into DNA where they bind DNA methyltransferase (DNMT) in an irreversible, covalent manner, thus sequestering the enzyme and preventing maintenance of the methylation state (<xref class="xref-ref" href="#ref-5" rid="xref-ref-5-1">5</xref>&#8211;<xref class="xref-ref" href="#ref-7" rid="xref-ref-7-1">7</xref>).<CoreSc1 atype="GSC" type="Bac" conceptID="Bac2" novelty="None" advantage="None"/></s>
        <s sid="11">Consequently, silenced genes induced by hypermethylation are re-expressed after treatment with these demethylating agents.<CoreSc1 atype="GSC" type="Bac" conceptID="Bac3" novelty="None" advantage="None"/></s>
      </p>
      <p xmlns:xhtml="http://www.w3.org/1999/xhtml" id="p-3"/>
      <p xmlns:xhtml="http://www.w3.org/1999/xhtml" id="p-5">
        <s sid="12">Originally, 5-aza-cytidine and 5-aza-CdR were developed as anticancer agents (<xref class="xref-ref" href="#ref-5" rid="xref-ref-5-2">5</xref>, <xref class="xref-ref" href="#ref-8" rid="xref-ref-8-1">8</xref>) and have been shown to have significant cytotoxic and antineoplastic activities in many experimental tumors (<xref class="xref-ref" href="#ref-9" rid="xref-ref-9-1">9</xref>&#8211;<xref class="xref-ref" href="#ref-12" rid="xref-ref-12-1">12</xref>).<CoreSc1 atype="GSC" type="Bac" conceptID="Bac4" novelty="None" advantage="None"/></s>
        <s sid="13">5-Aza-CdR is reported to be noncarcinogenic and incorporates into DNA but not RNA or protein (<xref class="xref-ref" href="#ref-13" rid="xref-ref-13-1">13</xref>, <xref class="xref-ref" href="#ref-14" rid="xref-ref-14-1">14</xref>).<CoreSc1 atype="GSC" type="Bac" conceptID="Bac5" novelty="None" advantage="None"/></s>
        <s sid="14">5-Aza-CdR has been found empirically to have more potent therapeutic effects than 5-aza-cytidine in cell culture and animal models of human cancers.<CoreSc1 atype="GSC" type="Bac" conceptID="Bac6" novelty="None" advantage="None"/></s>
      </p>
      <p xmlns:xhtml="http://www.w3.org/1999/xhtml" id="p-6">
        <s sid="15">However, 5-aza-CdR-induced cytotoxicity may not be linked to its demethylating function (<xref class="xref-ref" href="#ref-3" rid="xref-ref-3-1">3</xref>, <xref class="xref-ref" href="#ref-15" rid="xref-ref-15-1">15</xref>&#8211;<xref class="xref-ref" href="#ref-17" rid="xref-ref-17-1">17</xref>).<CoreSc1 atype="GSC" type="Bac" conceptID="Bac7" novelty="None" advantage="None"/></s>
        <s sid="16">In addition, the therapeutic effects of 5-aza-CdR in the treatment of different human cancer cells are conflicting.<CoreSc1 atype="GSC" type="Bac" conceptID="Bac8" novelty="None" advantage="None"/></s>
        <s sid="17">5-Aza-CdR appears to be beneficial in the treatment of human leukemias (<xref class="xref-ref" href="#ref-9" rid="xref-ref-9-2">9</xref>, <xref class="xref-ref" href="#ref-18" rid="xref-ref-18-1">18</xref>, <xref class="xref-ref" href="#ref-19" rid="xref-ref-19-1">19</xref>), myelodysplastic syndromes (<xref class="xref-ref" href="#ref-20" rid="xref-ref-20-1">20</xref>, <xref class="xref-ref" href="#ref-21" rid="xref-ref-21-1">21</xref>), and hemoglobinopathies (<xref class="xref-ref" href="#ref-22" rid="xref-ref-22-1">22</xref>, <xref class="xref-ref" href="#ref-23" rid="xref-ref-23-1">23</xref>).<CoreSc1 atype="GSC" type="Bac" conceptID="Bac9" novelty="None" advantage="None"/></s>
        <s sid="18">On the other hand, there has been less positive experience in the effectiveness of 5-aza-CdR for the treatment of human solid tumors (<xref class="xref-ref" href="#ref-10" rid="xref-ref-10-1">10</xref>, <xref class="xref-ref" href="#ref-24" rid="xref-ref-24-1">24</xref>).<CoreSc1 atype="GSC" type="Bac" conceptID="Bac10" novelty="None" advantage="None"/></s>
        <s sid="19">Therefore, it is possible that one or more critical factors may be involved in regulating the cellular response to 5-aza-CdR treatment that vary in different cell types.<CoreSc1 atype="GSC" type="Hyp" conceptID="Hyp1" novelty="None" advantage="None"/></s>
      </p>
      <p xmlns:xhtml="http://www.w3.org/1999/xhtml" id="p-7">
        <s sid="20">p53 is a very important tumor suppressor gene and is reported to be abnormal in more than 50% of human cancers (<xref class="xref-ref" href="#ref-25" rid="xref-ref-25-1">25</xref>).<CoreSc1 atype="GSC" type="Bac" conceptID="Bac11" novelty="None" advantage="None"/></s>
        <s sid="21">Chemotherapeutic agents frequently act through the mechanism of DNA damage, and p53 plays an important role in the induction of cell cycle arrest and apoptosis in response to DNA damage (<xref class="xref-ref" href="#ref-26" rid="xref-ref-26-1">26</xref>).<CoreSc1 atype="GSC" type="Bac" conceptID="Bac12" novelty="None" advantage="None"/></s>
        <s sid="22">5-Aza-CdR has also shown anticancer activity that may be related to its ability to induce DNA damage (<xref class="xref-ref" href="#ref-15" rid="xref-ref-15-2">15</xref>, <xref class="xref-ref" href="#ref-27" rid="xref-ref-27-1">27</xref>).<CoreSc1 atype="GSC" type="Bac" conceptID="Bac13" novelty="None" advantage="None"/></s>
        <s sid="23">Based on the scenario mentioned above, it is hypothesized that 5-aza-CdR may induce DNA damage, thereby activating p53, which in turn increases p21<sup>Waf1/Cip1</sup> expression, leading to the inhibition of cell proliferation.<CoreSc1 atype="GSC" type="Hyp" conceptID="Hyp2" novelty="None" advantage="None"/></s>
      </p>
      <p xmlns:xhtml="http://www.w3.org/1999/xhtml" id="p-8">
        <s sid="24">To confirm the role of p53 in the 5-aza-CdR-induced inhibition of cell proliferation, human lung cancer cells with different p53 status were selected as the targets for this study.<CoreSc1 atype="GSC" type="Goa" conceptID="Goa1" novelty="None" advantage="None"/></s>
        <s sid="25">As an important downstream target of p53 activation, p21<sup>Waf1/Cip1</sup> plays a critical role in inhibiting cell proliferation; therefore, p21<sup>Waf1/Cip1</sup> expression upon treatment of 5-aza-CdR in cells with different p53 status was given special attention in this study.<CoreSc1 atype="GSC" type="Obj" conceptID="Obj2" novelty="None" advantage="None"/></s>
        <s sid="26">Present data indicated that 5-aza-CdR is a strong DNA-damaging agent, and 5-aza-CdR induces inhibition of cell proliferation by activating the p53/p21 pathway.<CoreSc1 atype="GSC" type="Obj" conceptID="Obj3" novelty="None" advantage="None"/></s>
      </p>
    </SEC>
    <SEC>
      <TITLE>EXPERIMENTAL PROCEDURES</TITLE>
      <p xmlns:xhtml="http://www.w3.org/1999/xhtml" id="p-9">
        <s sid="27">Cells and Treatments&#8212;Human lung cancer cell lines A549, H1299, and H719 were grown in RPMI 1640 supplemented with 10% fetal bovine serum (heat-inactivated at 56 &#176;C for 45 min) and penicillin/streptomycin, in a humidified, 5% CO<sub>2</sub> atmosphere and 37 &#176;C incubator.<CoreSc1 atype="GSC" type="Exp" conceptID="Exp1" novelty="None" advantage="None"/></s>
        <s sid="28">These cells were treated with 5-aza-CdR (0.01&#8211;20 &#956;<span class="sc">m</span>; Sigma) for up to 72 h.<CoreSc1 atype="GSC" type="Exp" conceptID="Exp2" novelty="None" advantage="None"/></s>
        <s sid="29">Fresh medium containing 5-aza-CdR was added every 24 h.<CoreSc1 atype="GSC" type="Exp" conceptID="Exp3" novelty="None" advantage="None"/></s>
        <s sid="30">The treated cells then were washed with phosphate-buffered saline, placed in drug-free medium, and harvested at 24 h after incubation at 37 &#176;C.<CoreSc1 atype="GSC" type="Exp" conceptID="Exp4" novelty="None" advantage="None"/></s>
      </p>
      <p xmlns:xhtml="http://www.w3.org/1999/xhtml" id="p-10">
        <s sid="31">Western Blotting&#8212;Protein expression was detected by Western blotting as previously described with minor modifications (<xref class="xref-ref" href="#ref-12" rid="xref-ref-12-2">12</xref>, <xref class="xref-ref" href="#ref-16" rid="xref-ref-16-1">16</xref>).<CoreSc1 atype="GSC" type="Met" conceptID="Met2" novelty="None" advantage="None"/></s>
        <s sid="32">Briefly, the cells were harvested with a scraper and then washed with cold phosphate-buffered saline once.<CoreSc1 atype="GSC" type="Exp" conceptID="Exp5" novelty="None" advantage="None"/></s>
        <s sid="33">The cells were then lysed in lysis buffer (50 m<span class="sc">m</span> Tris-HCl, 250 m<span class="sc">m</span> NaCl, 5 m<span class="sc">m</span> EDTA, 50 m<span class="sc">m</span> NaF, 0.15% Igepal CA-630, and 1.5 m<span class="sc">m</span> phenylmethylsulfonyl fluoride).<CoreSc1 atype="GSC" type="Exp" conceptID="Exp6" novelty="None" advantage="None"/></s>
        <s sid="34">Equal amounts of proteins (100&#8211;150 &#956;g) were size-fractionated on 9&#8211;15% SDS-PAGE.<CoreSc1 atype="GSC" type="Exp" conceptID="Exp7" novelty="None" advantage="None"/></s>
        <s sid="35">The antibodies used are anti-p21<sup>Waf1/Cip1</sup> (F-5; Santa Cruz; 1 &#956;g/ml), anti-p53 (DO-1; Oncogene Research Products; 0.5 &#956;g/ml), and &#945;-tubulin (Oncogene Research Products; 0.3 &#956;g/ml).<CoreSc1 atype="GSC" type="Exp" conceptID="Exp8" novelty="None" advantage="None"/></s>
      </p>
      <p xmlns:xhtml="http://www.w3.org/1999/xhtml" id="p-11">
        <s sid="36">Generation of Stable Clone and Transfection&#8212;Wild-type human papilloma virus type-16 E6 gene (HPV E6) was a gift from Dr. H. Ding (Department of Radiology, Ohio State University) (<xref class="xref-ref" href="#ref-28" rid="xref-ref-28-1">28</xref>).<CoreSc1 atype="GSC" type="Exp" conceptID="Exp9" novelty="None" advantage="None"/></s>
        <s sid="37">The HPV E6 gene was inserted into pCMV-neo, and the pCMV-neo-E6 was transfected into A549 cells by using a transfection kit (Qiagen) according to the manufacturer's instructions.<CoreSc1 atype="GSC" type="Exp" conceptID="Exp10" novelty="None" advantage="None"/></s>
        <s sid="38">The stable clone of A549-pCMV-neo-E6 (A549-E6) was maintained in medium containing G418 at 500 &#956;g/ml.<CoreSc1 atype="GSC" type="Exp" conceptID="Exp11" novelty="None" advantage="None"/></s>
      </p>
      <p xmlns:xhtml="http://www.w3.org/1999/xhtml" id="p-12">
        <s sid="39">Methylation-specific PCR and Methylation Detection&#8212;DNA was extracted and then treated with bisulfite as previously described with minor modifications (<xref class="xref-ref" href="#ref-29" rid="xref-ref-29-1">29</xref>).<CoreSc1 atype="GSC" type="Met" conceptID="Met3" novelty="None" advantage="None"/></s>
        <s sid="40">Briefly, genomic DNA (1 &#956;g) in a volume of 50 &#956;l was denatured by NaOH (final concentration, 0.275 <span class="sc">m</span>) for 10 min at 42 &#176;C.<CoreSc1 atype="GSC" type="Exp" conceptID="Exp12" novelty="None" advantage="None"/></s>
        <s sid="41">The denatured DNA was then treated with 10 &#956;l of 10 m<span class="sc">m</span> hydroquinone and 520 &#956;lof3 <span class="sc">m</span> sodium bisulfite at 50 &#176;C overnight.<CoreSc1 atype="GSC" type="Exp" conceptID="Exp13" novelty="None" advantage="None"/></s>
        <s sid="42">The primers for p21 were as follows: forward primer, 5&#8242;-GGG AGG AGG GAA GTG TTT TT-3&#8242;, and reverse primer, 5&#8242;-ACA ACT ACT CAC ACC TCA ACT-3&#8242;.<CoreSc1 atype="GSC" type="Exp" conceptID="Exp14" novelty="None" advantage="None"/></s>
        <s sid="43">The PCR conditions were initiated with a denaturing step of 95 &#176;C for 10 min, followed by 36 cycles of 96 &#176;C for 30 s, 53 &#176;C for 20 s, and 72 &#176;C for 20 s and were concluded with 72 &#176;C for 7 min.<CoreSc1 atype="GSC" type="Exp" conceptID="Exp15" novelty="None" advantage="None"/></s>
        <s sid="44">The PCR products were purified with a purification kit (Qiaquick) and then incubated with HhaI (50 &#176;C) for 2 h and TaqI at 65 &#176;C for 2 h, respectively.<CoreSc1 atype="GSC" type="Exp" conceptID="Exp16" novelty="None" advantage="None"/></s>
        <s sid="45">Digested DNA was then size-fractionated via polyacrylamide gel electrophoresis to detect the methylation status.<CoreSc1 atype="GSC" type="Exp" conceptID="Exp17" novelty="None" advantage="None"/></s>
      </p>
      <p xmlns:xhtml="http://www.w3.org/1999/xhtml" id="p-13">
        <s sid="46">Bisulfite Sequencing&#8212;DNA was treated with bisulfite and purified for PCR as described above.<CoreSc1 atype="GSC" type="Met" conceptID="Met4" novelty="None" advantage="None"/></s>
        <s sid="47">The PCR products were gel-extracted (Qiagen) and ligated into a plasmid vector, pCR2.1-TOPO, using the TA cloning system (<xref class="inline-ad-match" href="/cgi/redirect-inline?ad=Invitrogen" rel="external-nw">Invitrogen</xref>).<CoreSc1 atype="GSC" type="Exp" conceptID="Exp18" novelty="None" advantage="None"/></s>
        <s sid="48">Plasmid-transformed bacteria TOP10 F&#8242; were cultured overnight, and the plasmid DNA was isolated (Qiagen).<CoreSc1 atype="GSC" type="Exp" conceptID="Exp19" novelty="None" advantage="None"/></s>
        <s sid="49">At least 10 separate clones were chosen for sequence analysis.<CoreSc1 atype="GSC" type="Exp" conceptID="Exp20" novelty="None" advantage="None"/></s>
      </p>
      <p xmlns:xhtml="http://www.w3.org/1999/xhtml" id="p-14">
        <s sid="50">Transient Transfection and Measurement of Relative Luciferase Activity&#8212;Vectors used for transfection include pWWP-Luc and pWP101-Luc (<xref class="xref-ref" href="#ref-30" rid="xref-ref-30-1">30</xref>, <xref class="xref-ref" href="#ref-31" rid="xref-ref-31-1">31</xref>).<CoreSc1 atype="GSC" type="Met" conceptID="Met5" novelty="None" advantage="None"/></s>
        <s sid="51">The human wild-type p21 promoter luciferase fusion plasmid, pWWP-Luc, was made from a 2.4-kb genomic fragment of p21 promoter containing the transcriptional start site and two p53 binding sites and then subcloned into the luciferase reporter vector, pGL-3Ba-sic.<CoreSc1 atype="GSC" type="Obj" conceptID="Obj4" novelty="None" advantage="None"/></s>
        <s sid="52">pWP101-Luc does not contain any p53 binding site.<CoreSc1 atype="GSC" type="Bac" conceptID="Bac14" novelty="None" advantage="None"/></s>
        <s sid="53">A549 cells transfected with the pWWP-Luc or the pWP101-Luc were treated with 5-aza-CdR (0.5&#8211;5 &#956;<span class="sc">m</span>, 24 h) and then harvested to analyze the relative luciferase activity.<CoreSc1 atype="GSC" type="Exp" conceptID="Exp21" novelty="None" advantage="None"/></s>
      </p>
      <p xmlns:xhtml="http://www.w3.org/1999/xhtml" id="p-15">
        <s sid="54">Site-directed Mutagenesis&#8212;Mutant p21 promoter constructs were generated using a site-directed mutagenesis kit (QuikChange; Stratagene, La Jolla, CA).<CoreSc1 atype="GSC" type="Exp" conceptID="Exp22" novelty="None" advantage="None"/></s>
        <s sid="55">pWWP-Luc (containing two p53 binding sites) was used as the mutagenesis template.<CoreSc1 atype="GSC" type="Exp" conceptID="Exp23" novelty="None" advantage="None"/></s>
        <s sid="56">The p53 recognition elements consist of four tandem PuPuPuC (A/T) pentamers (<xref class="xref-ref" href="#ref-32" rid="xref-ref-32-1">32</xref>).<CoreSc1 atype="GSC" type="Bac" conceptID="Bac15" novelty="None" advantage="None"/></s>
        <s sid="57">The first p53 binding site, GAACA (<xref class="xref-ref" href="#ref-33" rid="xref-ref-33-1">33</xref>) (-2234 to -2230 relative to the translational start site) was replaced with GAAAC, and the second binding site, AGACT (<xref class="xref-ref" href="#ref-33" rid="xref-ref-33-2">33</xref>) (-1344 to -1340 relative to the translational start site) was replaced with AGAAT following the manufacturer's directions.<CoreSc1 atype="GSC" type="Exp" conceptID="Exp24" novelty="None" advantage="None"/></s>
      </p>
      <p xmlns:xhtml="http://www.w3.org/1999/xhtml" id="p-16">
        <s sid="58">Comet Assay for Detecting DNA Strand Breaks&#8212;The comet assay, also called the single-cell gel electrophoresis, was performed as described previously (<xref class="xref-ref" href="#ref-34" rid="xref-ref-34-1">34</xref>).<CoreSc1 atype="GSC" type="Met" conceptID="Met6" novelty="None" advantage="None"/></s>
        <s sid="59">In brief, fully frosted microscopic slides were covered with 110 &#956;l of 0.5% normal melting agarose at 60 &#176;C.<CoreSc1 atype="GSC" type="Exp" conceptID="Exp25" novelty="None" advantage="None"/></s>
        <s sid="60">The slides were immediately covered with a coverslip and then kept at 4 &#176;C for 15 min to allow the agarose to solidify.<CoreSc1 atype="GSC" type="Exp" conceptID="Exp26" novelty="None" advantage="None"/></s>
        <s sid="61">About 10<sup>5</sup> cells of 5-aza-CdR treated or untreated cells in 40 &#956;l of phosphate-buffered saline were mixed with equal amount (40 &#956;l) of 1% lower melting agarose to form a cell suspension.<CoreSc1 atype="GSC" type="Exp" conceptID="Exp27" novelty="None" advantage="None"/></s>
        <s sid="62">After gently removing the coverslip, the cell suspension was pipetted onto the first agarose layer, spread using a coverslip, and maintained at 4 &#176;C for 15 min to allow it to solidify.<CoreSc1 atype="GSC" type="Exp" conceptID="Exp28" novelty="None" advantage="None"/></s>
        <s sid="63">After removal of the coverslips, the slides were immersed in fresh prepared cold lysing solution (2.5 <span class="sc">m</span> NaCl, 100 m<span class="sc">m</span> Na<sub>2</sub>EDTA, 10 mm Tris, pH 10.0, 1% sodium sarcosinate) with 1% Triton X-100 for 40 min at 4 &#176;C.<CoreSc1 atype="GSC" type="Exp" conceptID="Exp29" novelty="None" advantage="None"/></s>
        <s sid="64">The slides were then placed in a horizontal gel electrophoresis tank filled with fresh electrophoresis solution (1 m<span class="sc">m</span> Na<sub>2</sub>EDTA, 300 m<span class="sc">m</span> NaOH, pH 13.0) for 10 min.<CoreSc1 atype="GSC" type="Exp" conceptID="Exp30" novelty="None" advantage="None"/></s>
        <s sid="65">The slides were then placed in Tris buffer (0.4 <span class="sc">m</span> Tris, pH 7.5) for 15 min twice (neutralizing the excess alkali) after electrophoresis at 4 &#176;C.<CoreSc1 atype="GSC" type="Exp" conceptID="Exp31" novelty="None" advantage="None"/></s>
        <s sid="66">The slides were then stained with 75 &#956;l of propidium iodide (5 &#956;g/ml) for 30 min.<CoreSc1 atype="GSC" type="Exp" conceptID="Exp32" novelty="None" advantage="None"/></s>
      </p>
      <p xmlns:xhtml="http://www.w3.org/1999/xhtml" id="p-17">
        <s sid="67">The slides were examined at 600&#215; magnification, and the pictures were taken under a fluorescence microscope (TCS; Leica, Mannheim, Germany).<CoreSc1 atype="GSC" type="Exp" conceptID="Exp33" novelty="None" advantage="None"/></s>
        <s sid="68">To score the percentage of DNA in the tail, the image analysis system was used (Q550CW; Leica).<CoreSc1 atype="GSC" type="Exp" conceptID="Exp34" novelty="None" advantage="None"/></s>
        <s sid="69">The percentage of comet tail area (DNA tail area/total DNA area) and the comet tail length (from the center of the DNA head to the end of the DNA tail) were analyzed in 50 cells for one slide.<CoreSc1 atype="GSC" type="Exp" conceptID="Exp35" novelty="None" advantage="None"/></s>
      </p>
    </SEC>
    <SEC>
      <TITLE>RESULTS</TITLE>
      <p xmlns:xhtml="http://www.w3.org/1999/xhtml" id="p-18">
        <s sid="70">Dose-dependent Inhibition of Cell Proliferation by 5-Aza-CdR&#8212;In this study, human lung cancer cell lines A549 (wild-type p53), H1299 (p53-null), and H719 (mutant p53) were treated with 5-aza-CdR at different concentrations for 72 h (<xref class="xref-" href="#F1" rid="xref-fig-1-1">Fig. 1A</xref>) and with different intervals of 5-aza-CdR treatment at 1 &#956;<span class="sc">m</span>, respectively (<xref class="xref-" href="#F1" rid="xref-fig-1-2">Fig. 1B</xref>).<CoreSc1 atype="GSC" type="Exp" conceptID="Exp36" novelty="None" advantage="None"/></s>
        <s sid="71">The cell viability was determined by MTT assay.<CoreSc1 atype="GSC" type="Met" conceptID="Met7" novelty="None" advantage="None"/></s>
        <s sid="72">A dose- and duration-dependent inhibition of cell proliferation was observed only in A549 cells but not in H1299 and H719 cells (<xref class="xref-" href="#F1" rid="xref-fig-1-3">Fig. 1, A and B</xref>).<CoreSc1 atype="GSC" type="Obs" conceptID="Obs1" novelty="None" advantage="None"/></s>
        <s sid="73">As shown in <xref class="xref-" href="#F1" rid="xref-fig-1-4">Fig. 1A</xref>, for example, cell viability was decreased to 77% of the untreated control when A549 cells were treated with 5-aza-CdR even at very low dose (0.078 &#956;<span class="sc">m</span>) and 51% or 39% of the untreated control when cells were treated with 5-aza-CdR at 1.25 or 5 &#956;<span class="sc">m</span>, respectively.<CoreSc1 atype="GSC" type="Res" conceptID="Res5" novelty="None" advantage="None"/></s>
        <s sid="74">However, 5-aza-CdR was unable to induce an obvious decrease in cell viability in H1299 cells or H719 cells until the concentrations were well above 1 &#956;<span class="sc">m</span> (<xref class="xref-" href="#F1" rid="xref-fig-1-5">Fig. 1, A and B</xref>).<CoreSc1 atype="GSC" type="Obs" conceptID="Obs2" novelty="None" advantage="None"/></s>
        <s sid="75">Cell viability was decreased in H1299 and H719 cells only when they were treated at very high concentrations (10&#8211;20 &#956;<span class="sc">m</span>).<CoreSc1 atype="GSC" type="Obs" conceptID="Obs3" novelty="None" advantage="None"/></s>
      </p>
      <p xmlns:xhtml="http://www.w3.org/1999/xhtml" id="p-19"/>
      <p xmlns:xhtml="http://www.w3.org/1999/xhtml" id="p-21">
        <s sid="76">Inhibition of cell proliferation is a reflection of cell cycle arrest that is mainly controlled by proteins from the INK4 family and the CIP/KIP family of cyclin-dependent kinase inhibitors (<xref class="xref-ref" href="#ref-35" rid="xref-ref-35-1">35</xref>).<CoreSc1 atype="GSC" type="Bac" conceptID="Bac16" novelty="None" advantage="None"/></s>
        <s sid="77">A549 cells have been reported to have a homozygous deletion of CDKN2a (<xref class="xref-ref" href="#ref-36" rid="xref-ref-36-1">36</xref>).<CoreSc1 atype="GSC" type="Bac" conceptID="Bac17" novelty="None" advantage="None"/></s>
        <s sid="78">Therefore, we hypothesized that p21<sup>Waf1/Cip1</sup> expression may be a critical factor for the 5-aza-CdR-induced inhibition of cell proliferation in A549 cells.<CoreSc1 atype="GSC" type="Hyp" conceptID="Hyp3" novelty="None" advantage="None"/></s>
        <s sid="79"><xref class="xref-" href="#F1" rid="xref-fig-1-6">Fig. 1C</xref> indicates that increased p21<sup>Waf1/Cip1</sup> expression is a dose-dependent effect of 5-aza-CdR treatment in A549 cells but not in H1299 cells.<CoreSc1 atype="GSC" type="Res" conceptID="Res6" novelty="None" advantage="None"/></s>
        <s sid="80">The increased expression of p21<sup>Waf1/Cip1</sup> was observed in the A549 cells even when treated at a very low concentration (0.01 &#956;<span class="sc">m</span>) of 5-aza-CdR.<CoreSc1 atype="GSC" type="Obs" conceptID="Obs4" novelty="None" advantage="None"/></s>
        <s sid="81">However, 5-aza-CdR even at a very high concentration (10 &#956;<span class="sc">m</span>) was unable to induce increased expression of p21<sup>Waf1/Cip1</sup> in H1299 cells (<xref class="xref-" href="#F1" rid="xref-fig-1-7">Fig. 1C</xref>).<CoreSc1 atype="GSC" type="Obs" conceptID="Obs5" novelty="None" advantage="None"/></s>
        <s sid="82">Because p53 is a mutant in H719 cells (<xref class="xref-ref" href="#ref-30" rid="xref-ref-30-2">30</xref>), increased p21<sup>Waf1/Cip1</sup> expression upon 5-aza-CdR treatment was similarly not observed in H719 cells in this study (data not shown).<CoreSc1 atype="GSC" type="Res" conceptID="Res7" novelty="None" advantage="None"/></s>
      </p>
      <p xmlns:xhtml="http://www.w3.org/1999/xhtml" id="p-22">
        <s sid="83">5-Aza-CdR-induced Inhibition of Cell Proliferation Is Dependent on p53/p21<sup>Waf1</sup><sup>/</sup><sup>Cip1</sup> Pathway&#8212;To investigate whether 5-aza-CdR-induced p21<sup>Waf1/Cip1</sup> expression is through activation of p53, a wild-type HPV E6 gene was inserted into pCMV-neo.<CoreSc1 atype="GSC" type="Goa" conceptID="Goa2" novelty="None" advantage="None"/><CoreSc2 atype="GSC" type="Met" conceptID="Met8" novelty="None" advantage="None"/></s>
        <s sid="84">After transfection and selection with G418, the pCMV-neo-E6 stable clone (A549-E6) was established.<CoreSc1 atype="GSC" type="Exp" conceptID="Exp37" novelty="None" advantage="None"/></s>
        <s sid="85">For testing the functionality of the stable clone, the A549-E6 cells were irradiated with &#947;-rays, and then p53 and p21<sup>Waf1/Cip1</sup> levels were determined by Western immunoblot analysis.<CoreSc1 atype="GSC" type="Met" conceptID="Met9" novelty="None" advantage="None"/><CoreSc2 atype="GSC" type="Goa" conceptID="Goa3" novelty="None" advantage="None"/></s>
        <s sid="86">As shown in <xref class="xref-" href="#F2" rid="xref-fig-2-1">Fig. 2A</xref>, the p53 level in A549-E6 cells was much lower than that in A549 cells after exposure to 2 or 8 grays of &#947;-rays.<CoreSc1 atype="GSC" type="Res" conceptID="Res8" novelty="None" advantage="None"/></s>
        <s sid="87">Similarly, p21<sup>Waf1/Cip1</sup> levels in the A549 and the A549-E6 cells after irradiation showed the same trend as the p53 expression (<xref class="xref-" href="#F2" rid="xref-fig-2-2">Fig. 2B</xref>).<CoreSc1 atype="GSC" type="Obs" conceptID="Obs6" novelty="None" advantage="None"/></s>
        <s sid="88">These data suggested that the expression of HPV E6 in the A549-E6 clone is sufficient to degrade the p53 level in the transfected A549 cells.<CoreSc1 atype="GSC" type="Res" conceptID="Res9" novelty="None" advantage="None"/></s>
        <s sid="89">Next, A549 and A549-E6 cells were treated with 5-aza-CdR at different concentrations for 72 h, and then MTT assay was performed to test cell viability in a fashion analogous to the experiments demonstrated in <xref class="xref-" href="#F1" rid="xref-fig-1-8">Fig. 1A</xref>.<CoreSc1 atype="GSC" type="Goa" conceptID="Goa4" novelty="None" advantage="None"/></s>
        <s sid="90">As shown in <xref class="xref-" href="#F2" rid="xref-fig-2-3">Fig. 2C</xref>, cell viability in the A549-E6 was much higher than that in the A549 cells after treatment with 5-aza-CdR at different concentrations.<CoreSc1 atype="GSC" type="Res" conceptID="Res10" novelty="None" advantage="None"/></s>
        <s sid="91">These results support the hypothesis that cell viability after treatment with 5-aza-CdR is related to wild-type p53 in the A549 cells.<CoreSc1 atype="GSC" type="Res" conceptID="Res11" novelty="None" advantage="None"/></s>
        <s sid="92">To investigate the reasons for the difference between A549 and A549-E6 cells, p53 and p21<sup>Waf1/Cip1</sup> expression was evaluated by Western immunoblot (<xref class="xref-" href="#F2" rid="xref-fig-2-4">Fig. 2, D&#8211;E</xref>).<CoreSc1 atype="GSC" type="Goa" conceptID="Goa5" novelty="None" advantage="None"/></s>
        <s sid="93">Clearly, both p53 levels as well as p21<sup>Waf1/Cip1</sup> levels were significantly increased in A549 cells after treatment with 5-aza-CdR (<xref class="xref-" href="#F2" rid="xref-fig-2-5">Fig. 2, D&#8211;E</xref>).<CoreSc1 atype="GSC" type="Res" conceptID="Res12" novelty="None" advantage="None"/></s>
        <s sid="94">This was not seen in the A549-E6 cells, even when they were treated with 5-aza-CdR at higher concentrations (up to 10 &#956;<span class="sc">m</span>; <xref class="xref-" href="#F2" rid="xref-fig-2-6">Fig. 2E</xref>).<CoreSc1 atype="GSC" type="Res" conceptID="Res13" novelty="None" advantage="None"/></s>
        <s sid="95">Although p21<sup>Waf1/Cip1</sup> expression is slightly increased in the A549-E6 cells upon treatment with 5-aza-CdR, the effect is very attenuated when compared with the parental A549 cells (<xref class="xref-" href="#F2" rid="xref-fig-2-7">Fig. 2E</xref>).<CoreSc1 atype="GSC" type="Res" conceptID="Res14" novelty="None" advantage="None"/></s>
      </p>
      <p xmlns:xhtml="http://www.w3.org/1999/xhtml" id="p-23"/>
      <p xmlns:xhtml="http://www.w3.org/1999/xhtml" id="p-25">
        <s sid="96">For further confirmation of the critical role of p53 in the 5-aza-CdR-induced p21<sup>Waf1/Cip1</sup> expression, a full-length p21 promoter construct (pWWP-Luc) that included two p53 binding elements and a truncated p21 promoter (pWP101-Luc) that lacked any p53 binding site (<xref class="xref-" href="#F3" rid="xref-fig-3-1">Fig. 3A</xref>) were transiently transfected into A549 cells, and relative luciferase activity (RLU) was evaluated after treatment with 5-aza-CdR in both transfectants.<CoreSc1 atype="GSC" type="Goa" conceptID="Goa6" novelty="None" advantage="None"/><CoreSc2 atype="GSC" type="Met" conceptID="Met10" novelty="None" advantage="None"/></s>
        <s sid="97">As shown in <xref class="xref-" href="#F3" rid="xref-fig-3-2">Fig. 3B</xref>, the RLU in the pWWP-Luc-transfected A549 cells was much higher than that in the pWP101-Luc-transfected A549 cells after treatment with 5-aza-CdR.<CoreSc1 atype="GSC" type="Res" conceptID="Res15" novelty="None" advantage="None"/></s>
        <s sid="98">The 5-aza-CdR-induced increase in the RLU was dose-dependent.<CoreSc1 atype="GSC" type="Obs" conceptID="Obs7" novelty="None" advantage="None"/></s>
        <s sid="99">The RLU in pWWP-transfected cells, for example, increased 3-fold when treated with 5-aza-CdR at 5 &#956;<span class="sc">m</span> compared with the same transfectants treated at 0.5 &#956;<span class="sc">m</span> (<xref class="xref-" href="#F3" rid="xref-fig-3-3">Fig. 3B</xref>).<CoreSc1 atype="GSC" type="Res" conceptID="Res16" novelty="None" advantage="None"/></s>
        <s sid="100">The RLU, however, was not significantly increased in the pWP101-transfected A549 cells after 5-aza-CdR treatments (<xref class="xref-" href="#F3" rid="xref-fig-3-4">Fig. 3B</xref>).<CoreSc1 atype="GSC" type="Res" conceptID="Res17" novelty="None" advantage="None"/></s>
        <s sid="101">Because there is no endogenous p53 in H1299 cells, the RLU was not increased in the pWWP-transfected H1299 cells after treatment with 5-aza-CdR (<xref class="xref-" href="#F3" rid="xref-fig-3-5">Fig. 3C</xref>).<CoreSc1 atype="GSC" type="Con" conceptID="Con3" novelty="None" advantage="None"/></s>
      </p>
      <p xmlns:xhtml="http://www.w3.org/1999/xhtml" id="p-26"/>
      <p xmlns:xhtml="http://www.w3.org/1999/xhtml" id="p-28">
        <s sid="102">To determine which p53 binding site of the p21 promoter was important for the 5-aza-CdR treatment, pWWP-Luc containing the mutated first p53 binding site (Mut-1) and second p53 binding site (Mut-2) were constructed (<xref class="xref-" href="#F3" rid="xref-fig-3-6">Fig. 3A</xref>) and then transfected into A549 cells that were subsequently treated with 5-aza-CdR.<CoreSc1 atype="GSC" type="Goa" conceptID="Goa7" novelty="None" advantage="None"/><CoreSc2 atype="GSC" type="Met" conceptID="Met11" novelty="None" advantage="None"/></s>
        <s sid="103">As shown in <xref class="xref-" href="#F3" rid="xref-fig-3-7">Fig. 3D</xref>, the RLUs decreased from 3.4 to 1.42 and 1.51, respectively, after 5-aza-CdR treatment when the Mut-1 or Mut-2 transfectants were compared with wild-type pWWP-transfected cells (<xref class="xref-" href="#F3" rid="xref-fig-3-8">Fig. 3D</xref>).<CoreSc1 atype="GSC" type="Res" conceptID="Res18" novelty="None" advantage="None"/></s>
        <s sid="104">No difference in the RLU between the Mut-1 and Mut-2 transfected cells was observed after 5-aza-CdR treatment (<xref class="xref-" href="#F3" rid="xref-fig-3-9">Fig. 3D</xref>).<CoreSc1 atype="GSC" type="Obs" conceptID="Obs8" novelty="None" advantage="None"/></s>
        <s sid="105">The data suggest that both p53 binding sites in the p21 promoter are important in inducing p21<sup>Waf1/Cip1</sup> expression in response to 5-aza-CdR treatment.<CoreSc1 atype="GSC" type="Res" conceptID="Res19" novelty="None" advantage="None"/></s>
      </p>
      <p xmlns:xhtml="http://www.w3.org/1999/xhtml" id="p-29">
        <s sid="106">5-Aza-CdR Activates the p53/p21 Pathway through DNA Damage&#8212;Because 5-aza-CdR is a DNA methyltransferase inhibitor, it was necessary to rule out the possibility that the p21 promoter is fully or partially methylated in A549 cells.<CoreSc1 atype="GSC" type="Goa" conceptID="Goa8" novelty="None" advantage="None"/></s>
        <s sid="107">To detect the methylation status of the p21 promoter, we performed combined bisulfite restriction analysis and bisulfite sequencing of the p21 promoter from A549 and H1299 cells.<CoreSc1 atype="GSC" type="Goa" conceptID="Goa9" novelty="None" advantage="None"/><CoreSc2 atype="GSC" type="Met" conceptID="Met12" novelty="None" advantage="None"/></s>
        <s sid="108">The combined bisulfite restriction analysis confirmed that the CpG island of the p21 promoter (-233 to +2; <xref class="xref-" href="#F3" rid="xref-fig-3-10">Fig. 3A</xref>) was unmethylated (<xref class="xref-" href="#F4" rid="xref-fig-4-1">Fig. 4</xref>).<CoreSc1 atype="GSC" type="Res" conceptID="Res20" novelty="None" advantage="None"/></s>
        <s sid="109">Bisulfite sequencing analysis confirmed these findings (<xref class="xref-" href="#T1" rid="xref-table-wrap-1-1">Table I</xref>).<CoreSc1 atype="GSC" type="Res" conceptID="Res21" novelty="None" advantage="None"/></s>
        <s sid="110">Ten separate clones were selected for the sequencing.<CoreSc1 atype="GSC" type="Exp" conceptID="Exp38" novelty="None" advantage="None"/></s>
        <s sid="111">The promoter regions of the p21 gene in A549 and H1299 cells were shown to be almost totally unmethylated in the 24 CGs analyzed by bisulfite sequencing (1 of 240 CGs in A549 cells and 3 of 240 CGs in H1299 cells are methylated, respectively; <xref class="xref-" href="#T1" rid="xref-table-wrap-1-2">Table I</xref>).<CoreSc1 atype="GSC" type="Obs" conceptID="Obs9" novelty="None" advantage="None"/></s>
      </p>
      <p xmlns:xhtml="http://www.w3.org/1999/xhtml" id="p-30"/>
      <p xmlns:xhtml="http://www.w3.org/1999/xhtml" id="p-32"/>
      <p xmlns:xhtml="http://www.w3.org/1999/xhtml" id="p-34">
        <s sid="112">To investigate whether 5-aza-CdR plays a direct role in damaging DNA, comet assay was performed as well.<CoreSc1 atype="GSC" type="Goa" conceptID="Goa10" novelty="None" advantage="None"/><CoreSc2 atype="GSC" type="Met" conceptID="Met13" novelty="None" advantage="None"/></s>
        <s sid="113">A549 cells were treated with 5-aza-CdR at 0.1, 1, and 5 &#956;<span class="sc">m</span> for 72 h and then harvested for this assay.<CoreSc1 atype="GSC" type="Exp" conceptID="Exp39" novelty="None" advantage="None"/></s>
        <s sid="114">As shown in <xref class="xref-" href="#F5" rid="xref-fig-5-1">Fig. 5</xref>, dose-dependent DNA damage was observed after 5-aza-CdR treatment.<CoreSc1 atype="GSC" type="Res" conceptID="Res22" novelty="None" advantage="None"/></s>
        <s sid="115">Compared with the untreated control (<xref class="xref-" href="#F5" rid="xref-fig-5-2">Fig. 5A</xref>), 5-aza-CdR even at a low concentration (0.1 &#956;<span class="sc">m</span>) induced DNA damage, as indicated by the presence of a DNA tail (<xref class="xref-" href="#F5" rid="xref-fig-5-3">Fig. 5B</xref>).<CoreSc1 atype="GSC" type="Res" conceptID="Res23" novelty="None" advantage="None"/></s>
        <s sid="116">Greater DNA tail area and longer DNA tail length (a distance from DNA head to the end of DNA tail) show more extensive DNA damage.<CoreSc1 atype="GSC" type="Obj" conceptID="Obj5" novelty="None" advantage="None"/></s>
        <s sid="117">These 5-aza-CdR-induced DNA-damaging features are observed more frequently in the cells treated with a higher concentration of 5-aza-CdR than that with a lower concentration of 5-aza-CdR (<xref class="xref-" href="#F5" rid="xref-fig-5-4">Fig. 5, compare C and D with A</xref>).<CoreSc1 atype="GSC" type="Res" conceptID="Res24" novelty="None" advantage="None"/></s>
        <s sid="118">The quantitative data of 5-aza-CdR-induced DNA damage as determined by comet assay are shown in <xref class="xref-" href="#T2" rid="xref-table-wrap-2-1">Table II</xref>.<CoreSc1 atype="GSC" type="Res" conceptID="Res25" novelty="None" advantage="None"/></s>
        <s sid="119">For example, the percentage of DNA tail area relative to the total area and the DNA tail length are increased 2.6- and 1.4-fold, respectively, when cells were treated with 5-aza-CdR at 0.1 &#956;<span class="sc">m</span> compared with that in the untreated cells (<xref class="xref-" href="#T2" rid="xref-table-wrap-2-2">Table II</xref>).<CoreSc1 atype="GSC" type="Res" conceptID="Res26" novelty="None" advantage="None"/></s>
        <s sid="120">Similarly, in the cells treated with 5-aza-CdR at 5 &#956;<span class="sc">m</span>, the percentage and the length are increased 4.2- and 3.8-fold, respectively (<xref class="xref-" href="#T2" rid="xref-table-wrap-2-3">Table II</xref>).<CoreSc1 atype="GSC" type="Res" conceptID="Res27" novelty="None" advantage="None"/></s>
        <s sid="121">These results suggest that 5-aza-CdR inhibits cell proliferation by damaging DNA, which causes activation of the p53/p21<sup>Waf1/Cip1</sup> pathway.<CoreSc1 atype="GSC" type="Con" conceptID="Con4" novelty="None" advantage="None"/></s>
      </p>
      <p xmlns:xhtml="http://www.w3.org/1999/xhtml" id="p-35"/>
      <p xmlns:xhtml="http://www.w3.org/1999/xhtml" id="p-37"/>
    </SEC>
    <SEC>
      <TITLE>DISCUSSION</TITLE>
      <p xmlns:xhtml="http://www.w3.org/1999/xhtml" id="p-39">
        <s sid="122">Increased expression of p21<sup>Waf1/Cip1</sup> after inhibition of DNA methyltransferase has been reported by several investigators (<xref class="xref-ref" href="#ref-37" rid="xref-ref-37-1">37</xref>&#8211;<xref class="xref-ref" href="#ref-39" rid="xref-ref-39-1">39</xref>).<CoreSc1 atype="GSC" type="Bac" conceptID="Bac18" novelty="None" advantage="None"/></s>
        <s sid="123">To date, at least two separate mechanisms explain this effect.<CoreSc1 atype="GSC" type="Bac" conceptID="Bac19" novelty="None" advantage="None"/></s>
        <s sid="124">The first mechanism involves a demethylating function.<CoreSc1 atype="GSC" type="Bac" conceptID="Bac20" novelty="None" advantage="None"/></s>
        <s sid="125">5-Aza-CdR, for example, was reported to bind to DNMT and inactivate the enzyme (<xref class="xref-ref" href="#ref-40" rid="xref-ref-40-1">40</xref>), inducing a re-expression of p21<sup>Waf1/Cip1</sup> in cells that are hypermethylated in the promoter of the p21 gene (<xref class="xref-ref" href="#ref-30" rid="xref-ref-30-3">30</xref>, <xref class="xref-ref" href="#ref-41" rid="xref-ref-41-1">41</xref>, <xref class="xref-ref" href="#ref-42" rid="xref-ref-42-1">42</xref>).<CoreSc1 atype="GSC" type="Bac" conceptID="Bac21" novelty="None" advantage="None"/></s>
        <s sid="126">A second mechanism for enhanced p21<sup>Waf1/Cip1</sup> expression is independent of DNA methylation.<CoreSc1 atype="GSC" type="Bac" conceptID="Bac22" novelty="None" advantage="None"/></s>
        <s sid="127">For instance, a significant increase in p21<sup>Waf1/Cip1</sup> expression was observed in human cancer T24 cells following treatment with DNMT antisense oligonucleotides (<xref class="xref-ref" href="#ref-43" rid="xref-ref-43-1">43</xref>) or DNMT antagonist (<xref class="xref-ref" href="#ref-37" rid="xref-ref-37-2">37</xref>) and in normal human fibroblasts with 5-aza-CdR (<xref class="xref-ref" href="#ref-44" rid="xref-ref-44-1">44</xref>), but the promoter region of p21 in these cells is totally unmethylated.<CoreSc1 atype="GSC" type="Bac" conceptID="Bac23" novelty="None" advantage="None"/></s>
        <s sid="128">These data indicate that inhibition of DNMT itself, unrelated to methylation status, may activate p21<sup>Waf1/Cip1</sup> expression.<CoreSc1 atype="GSC" type="Hyp" conceptID="Hyp4" novelty="None" advantage="None"/></s>
        <s sid="129">Consistent with these reports, in the present study, the 5-aza-CdR-induced p21<sup>Waf1/Cip1</sup> expression in A549 cells is not associated with DNA methylation because the promoter region of p21 is almost completely unmethylated (<xref class="xref-" href="#F4" rid="xref-fig-4-2">Fig. 4</xref> and <xref class="xref-" href="#T1" rid="xref-table-wrap-1-3">Table I</xref>).<CoreSc1 atype="GSC" type="Res" conceptID="Res28" novelty="None" advantage="None"/></s>
      </p>
      <p xmlns:xhtml="http://www.w3.org/1999/xhtml" id="p-40">
        <s sid="130">As one of the principle downstream effectors of p53, p21<sup>Waf1/Cip1</sup> is a cyclin-dependent kinase inhibitory protein and plays a role in preventing cyclin E/Cdk2 and cyclin A/Cdk2 kinase from promoting cell cycle progression (<xref class="xref-ref" href="#ref-45" rid="xref-ref-45-1">45</xref>).<CoreSc1 atype="GSC" type="Obj" conceptID="Obj6" novelty="None" advantage="None"/></s>
        <s sid="131">The ability of p53 to induce cell cycle arrest in the G<sub>1</sub> phase in response to DNA damage is largely dependent on p21<sup>Waf1/Cip1</sup> expression (<xref class="xref-ref" href="#ref-26" rid="xref-ref-26-2">26</xref>).<CoreSc1 atype="GSC" type="Bac" conceptID="Bac24" novelty="None" advantage="None"/></s>
        <s sid="132">Therefore, the p53/p21<sup>Waf1/Cip1</sup> pathway confers the damaged cells enough time to repair DNA and ensure that the cell cycle progresses correctly.<CoreSc1 atype="GSC" type="Bac" conceptID="Bac25" novelty="None" advantage="None"/></s>
        <s sid="133">There is conflicting data as to whether expression of p21<sup>Waf1/Cip1</sup> in cells after inhibition of DNMT is dependent on p53 changes.<CoreSc1 atype="GSC" type="Mot" conceptID="Mot2" novelty="None" advantage="None"/></s>
        <s sid="134">5-Aza-CdR induced an elevated p53 level in human colon cancer cells, but p21<sup>Waf1/Cip1</sup> expression is not completely dependent on p53 status.<CoreSc1 atype="GSC" type="Bac" conceptID="Bac26" novelty="None" advantage="None"/></s>
        <s sid="135">In their experimental system, Karpf et al. (<xref class="xref-ref" href="#ref-27" rid="xref-ref-27-2">27</xref>) showed that p21<sup>Waf1/Cip1</sup> expression induced by 5-aza-CdR was not only observed in human colon tumor cells HCT (p53<sup>+/+</sup>) but also seen in HCT (p53<sup>-/-</sup>) cells, although the degree of elevated p21<sup>Waf1/Cip1</sup> is different in both cell lines.<CoreSc1 atype="GSC" type="Bac" conceptID="Bac27" novelty="None" advantage="None"/></s>
        <s sid="136">Milutinovic also reported that DNMT antagonists or antisense oligonucleotides can induce rapid expression of p21<sup>Waf1/Cip1</sup> in A549 cells, but p53 levels are not changed (<xref class="xref-ref" href="#ref-37" rid="xref-ref-37-3">37</xref>).<CoreSc1 atype="GSC" type="Bac" conceptID="Bac28" novelty="None" advantage="None"/></s>
        <s sid="137">In this case, the DNMT antagonist or antisense oligonucleotides are not incorporated into DNA; therefore direct DNA damage with subsequent enhanced p53 expression does not occur.<CoreSc1 atype="GSC" type="Bac" conceptID="Bac29" novelty="None" advantage="None"/></s>
        <s sid="138">However, in the present study, p21<sup>Waf1/Cip1</sup> expression in A549 cells after 5-aza-CdR treatment in limited doses is totally dependent on p53 expression (<xref class="xref-" href="#F2" rid="xref-fig-2-8">Fig. 2, D&#8211;E</xref>).<CoreSc1 atype="GSC" type="Res" conceptID="Res29" novelty="None" advantage="None"/></s>
        <s sid="139">This p53-dependent p21<sup>Waf1/Cip1</sup> expression is demonstrated by the following evidence: 1) Elevated p21<sup>Waf1/Cip1</sup> expression after 5-aza-CdR treatment occurred only in A549 cells (with wild-type p53) but not in H1299 cells (p53-null) (<xref class="xref-" href="#F1" rid="xref-fig-1-9">Fig. 1C</xref>); 2) 5-aza-CdR-induced p21<sup>Waf1/Cip1</sup> expression in A549 cells is much decreased when p53 levels were diminished by transfection with an HPV E6 gene that promotes p53 degradation (<xref class="xref-" href="#F2" rid="xref-fig-2-9">Fig. 2, D&#8211;E</xref>); and 3) deletion and mutation analysis showed increased relative luciferase activities after 5-aza-CdR treatment in cells with transfected full-length p21 promoter (with intact p53 binding sites) but not in those with a truncated p21 promoter (without p53 binding sites) or full-length p21 promoter (with mutant p53 sites) (<xref class="xref-" href="#F3" rid="xref-fig-3-11">Fig. 3, B and D</xref>).<CoreSc1 atype="GSC" type="Res" conceptID="Res30" novelty="None" advantage="None"/></s>
        <s sid="140">Therefore, it is reasonable to hypothesize that the antineoplastic effect of 5-aza-CdR may activate p53 and subsequently induce an increase in p21<sup>Waf1/Cip1</sup> expression through which cell proliferation is inhibited.<CoreSc1 atype="GSC" type="Hyp" conceptID="Hyp5" novelty="None" advantage="None"/></s>
      </p>
      <p xmlns:xhtml="http://www.w3.org/1999/xhtml" id="p-41">
        <s sid="141">Increases in p53/p21<sup>Waf1/Cip1</sup> levels in mammalian cells are often observed when cells are exposed to DNA-damaging agents including irradiation (<xref class="xref-ref" href="#ref-46" rid="xref-ref-46-1">46</xref>, <xref class="xref-ref" href="#ref-47" rid="xref-ref-47-1">47</xref>), UV light (<xref class="xref-ref" href="#ref-48" rid="xref-ref-48-1">48</xref>, <xref class="xref-ref" href="#ref-49" rid="xref-ref-49-1">49</xref>), and chemicals (<xref class="xref-ref" href="#ref-50" rid="xref-ref-50-1">50</xref>).<CoreSc1 atype="GSC" type="Bac" conceptID="Bac30" novelty="None" advantage="None"/></s>
        <s sid="142">Upon exposure to these DNA-damaging elements, p53 is activated, taking part in post-translational modifications including phosphorylation and acetylation (<xref class="xref-ref" href="#ref-26" rid="xref-ref-26-3">26</xref>, <xref class="xref-ref" href="#ref-51" rid="xref-ref-51-1">51</xref>, <xref class="xref-ref" href="#ref-52" rid="xref-ref-52-1">52</xref>).<CoreSc1 atype="GSC" type="Bac" conceptID="Bac31" novelty="None" advantage="None"/></s>
        <s sid="143">Previously, 5-aza-CdR was reported to be a potential DNA-damaging agent in embryonic cells, and its cytotoxicity was related to DNMT itself and not the secondary demethylation of genomic DNA (<xref class="xref-ref" href="#ref-15" rid="xref-ref-15-3">15</xref>).<CoreSc1 atype="GSC" type="Bac" conceptID="Bac32" novelty="None" advantage="None"/></s>
        <s sid="144">5-Aza-CdR was incorporated into DNA, and then the spontaneous degradation of the incorporated analog may result in DNA damage (<xref class="xref-ref" href="#ref-11" rid="xref-ref-11-1">11</xref>, <xref class="xref-ref" href="#ref-53" rid="xref-ref-53-1">53</xref>).<CoreSc1 atype="GSC" type="Bac" conceptID="Bac33" novelty="None" advantage="None"/></s>
        <s sid="145">It has also been shown that 5-aza-CdR, when incorporated into DNA, covalently links with DNMT, an event that could cause DNA damage because of the structural instability at its incorporation sites (<xref class="xref-ref" href="#ref-54" rid="xref-ref-54-1">54</xref>) or by obstructing DNA synthesis (<xref class="xref-ref" href="#ref-15" rid="xref-ref-15-4">15</xref>, <xref class="xref-ref" href="#ref-55" rid="xref-ref-55-1">55</xref>).<CoreSc1 atype="GSC" type="Bac" conceptID="Bac34" novelty="None" advantage="None"/></s>
        <s sid="146">Consistent with these reports, our data for the first time demonstrates directly that 5-aza-CdR is a DNA-damaging agent when assayed by comet assay (<xref class="xref-" href="#F5" rid="xref-fig-5-5">Fig. 5</xref> and <xref class="xref-" href="#T2" rid="xref-table-wrap-2-4">Table II</xref>).<CoreSc1 atype="GSC" type="Res" conceptID="Res31" novelty="None" advantage="None"/></s>
      </p>
      <p xmlns:xhtml="http://www.w3.org/1999/xhtml" id="p-42">
        <s sid="147">Interestingly, growth inhibition and cytotoxicity induced by 5-aza-CdR at higher doses (&gt;20 &#956;<span class="sc">m</span>) are not dependent on p53 status because the cells tested are mostly dead after 5-aza-CdR treatment (data not shown).<CoreSc1 atype="GSC" type="Res" conceptID="Res32" novelty="None" advantage="None"/></s>
        <s sid="148">This p53-dependent inhibition of cell proliferation by a limited dose of 5-aza-CdR treatment has a great potential advantage in the treatment of different human cancers.<CoreSc1 atype="GSC" type="Con" conceptID="Con5" novelty="None" advantage="None"/></s>
        <s sid="149">The major reported side effect of 5-aza-CdR when pushed to the maximum tolerated dose is hematopoietic toxicity (<xref class="xref-ref" href="#ref-10" rid="xref-ref-10-2">10</xref>).<CoreSc1 atype="GSC" type="Bac" conceptID="Bac35" novelty="None" advantage="None"/></s>
        <s sid="150">A more limited dose of 5-aza-CdR treatment may decrease these toxic effects on normal tissue and cells.<CoreSc1 atype="GSC" type="Con" conceptID="Con6" novelty="None" advantage="None"/></s>
        <s sid="151">In addition, the limited dose of 5-aza-CdR required to induce effects in wild-type p53 cells may explain why different human cancer cells appear to have different sensitivities to 5-aza-CdR treatment.<CoreSc1 atype="GSC" type="Con" conceptID="Con7" novelty="None" advantage="None"/></s>
        <s sid="152">p53 status may be a critical factor for judging the antineoplastic effects of 5-aza-CdR in cancer cells.<CoreSc1 atype="GSC" type="Con" conceptID="Con8" novelty="None" advantage="None"/></s>
        <s sid="153">Although there is insufficient data to show a relationship between p53 status and efficacy of 5-aza-CdR in patients, several studies suggest that p53 status may be a key predictive factor for the efficacy of 5-aza-CdR treatments (<xref class="xref-ref" href="#ref-10" rid="xref-ref-10-3">10</xref>, <xref class="xref-ref" href="#ref-24" rid="xref-ref-24-2">24</xref>, <xref class="xref-ref" href="#ref-56" rid="xref-ref-56-1">56</xref>).<CoreSc1 atype="GSC" type="Bac" conceptID="Bac36" novelty="None" advantage="None"/></s>
        <s sid="154">For example, 5-aza-CdR appears to be very effective in the treatment of adult human chronic myelogenous leukemias, which generally have wild-type p53 (<xref class="xref-ref" href="#ref-56" rid="xref-ref-56-2">56</xref>, <xref class="xref-ref" href="#ref-57" rid="xref-ref-57-1">57</xref>) but is less demonstrably effective in the treatment of solid tumors, such as human lung cancers, which typically have mutant p53 (<xref class="xref-ref" href="#ref-24" rid="xref-ref-24-3">24</xref>, <xref class="xref-ref" href="#ref-58" rid="xref-ref-58-1">58</xref>).<CoreSc1 atype="GSC" type="Bac" conceptID="Bac37" novelty="None" advantage="None"/></s>
        <s sid="155">Our data suggest that the future clinical development of 5-aza-CdR may depend on genetic factors such as the p53 status of the treated tumor.<CoreSc1 atype="GSC" type="Con" conceptID="Con9" novelty="None" advantage="None"/></s>
      </p>
    </SEC>
    <SEC>
      <TITLE>Acknowledgments</TITLE>
      <p xmlns:xhtml="http://www.w3.org/1999/xhtml" id="p-44">
        <s sid="156">We thank Drs. T. Sakai and H. Ding for providing us with the vectors used in this study.</s>
        <s sid="157">We also thank Dr. Y. Shang and Quanhui Zhen, Shan Chen, and Zhe Li for technical help.</s>
        <s sid="158">We appreciate Dr. X. B. Yao (University of Science and Technology of China) for support and encouragement during the course of this study.</s>
      </p>
    </SEC>
    <SEC>
      <TITLE>Footnotes</TITLE>
    </SEC>
    <SEC>
      <TITLE>References</TITLE>
    </SEC>
  </BODY>
</PAPER>