<PAPER>
  <mode2 name="16632870_arathi" hasDoc="yes" version="1258"/>
  <TITLE>
    <s sid="1">Effect of long-term tamoxifen exposure on genotoxic and epigenetic changes in rat liver: implications for tamoxifen-induced hepatocarcinogenesis <CoreSc1 atype="GSC" type="Obj" conceptID="Obj1" novelty="None" advantage="None"/></s>
  </TITLE>
  <ABSTRACT>
    <p xmlns:xhtml="http://www.w3.org/1999/xhtml" id="p-1">
      <s sid="2">Tamoxifen is a non-steroidal anti-estrogen used for the treatment of breast cancer and, more recently, as a chemopreventive agent in healthy women at high risk of developing breast cancer.<CoreSc1 atype="GSC" type="Obj" conceptID="Obj2" novelty="None" advantage="None"/></s>
      <s sid="3">On the other hand, tamoxifen is a potent hepatocarcinogen in rats, with both tumor-initiating and tumor-promoting properties.<CoreSc1 atype="GSC" type="Obj" conceptID="Obj3" novelty="None" advantage="None"/></s>
      <s sid="4">There is substantial evidence that hepatic tumors in rats are initiated as a result of formation of tamoxifen&#8211;DNA adducts; however, events subsequent to DNA adduct formation are not clear.<CoreSc1 atype="GSC" type="Mot" conceptID="Mot1" novelty="None" advantage="None"/></s>
      <s sid="5">Recently, it has been demonstrated that genotoxic carcinogens, in addition to exerting genotoxic effects, often cause epigenetic alterations.<CoreSc1 atype="GSC" type="Bac" conceptID="Bac1" novelty="None" advantage="None"/></s>
      <s sid="6">In the current study, we investigated whether or not the mechanism of tamoxifen-induced hepatocarcinogenesis includes both genotoxic and epigenetic components.<CoreSc1 atype="GSC" type="Obj" conceptID="Obj4" novelty="None" advantage="None"/></s>
      <s sid="7">Female Fisher 344 rats were fed a 420 p.p.m. tamoxifen diet for 6, 12, 18 or 24 weeks.<CoreSc1 atype="GSC" type="Exp" conceptID="Exp1" novelty="None" advantage="None"/></s>
      <s sid="8">Hepatic tamoxifen&#8211;DNA adduct levels, as assessed by high-performance liquid chromatography and electrospray tandem mass spectrometry, were 580 adducts/10<sup>8</sup> nt at 6 weeks, and increased to &#8764;1700 adducts/10<sup>8</sup> nt by 18 weeks.<CoreSc1 atype="GSC" type="Met" conceptID="Met1" novelty="None" advantage="None"/><CoreSc2 atype="GSC" type="Res" conceptID="Res1" novelty="None" advantage="None"/></s>
      <s sid="9">Global liver DNA hypomethylation, as determined by an HpaII-based cytosine extension assay, was increased at all time points, with the maximum increase (&#8764;200%) occurring at 6 weeks.<CoreSc1 atype="GSC" type="Res" conceptID="Res2" novelty="None" advantage="None"/><CoreSc2 atype="GSC" type="Met" conceptID="Met2" novelty="None" advantage="None"/></s>
      <s sid="10">Protein expressions of maintenance (DNMT1) DNA methyltransferase and de novo DNA methyltransferases DNMT3a and DNMT3b were decreased at all time points.<CoreSc1 atype="GSC" type="Res" conceptID="Res3" novelty="None" advantage="None"/></s>
      <s sid="11">Likewise, trimethylation of histone H4 lysine 20 was significantly decreased at all time points.<CoreSc1 atype="GSC" type="Res" conceptID="Res4" novelty="None" advantage="None"/></s>
      <s sid="12">In contrast, non-target tissues (i.e. mammary gland, pancreas and spleen) did not show any changes in global DNA methylation or DNA methyltransferase activity.<CoreSc1 atype="GSC" type="Res" conceptID="Res5" novelty="None" advantage="None"/></s>
      <s sid="13">These data indicate the importance of genotoxic and epigenetic alterations in the etiology of tamoxifen-induced hepatocarcinogenesis.<CoreSc1 atype="GSC" type="Con" conceptID="Con1" novelty="None" advantage="None"/></s>
    </p>
  </ABSTRACT>
  <BODY>
    <SEC>
      <TITLE>Introduction</TITLE>
      <p xmlns:xhtml="http://www.w3.org/1999/xhtml" id="p-2">
        <s sid="14">Tamoxifen is a non-steroidal anti-estrogen that has been used in the treatment of breast cancer for &gt;25 years (<xref class="xref-bibr" href="#ref-1" rid="xref-ref-1-1">1</xref>) and lately as a long-term chemopreventive agent for breast cancer in healthy women at high risk of developing breast cancer (<xref class="xref-bibr" href="#ref-1" rid="xref-ref-1-2">1</xref>,<xref class="xref-bibr" href="#ref-2" rid="xref-ref-2-1">2</xref>).<CoreSc1 atype="GSC" type="Obj" conceptID="Obj5" novelty="None" advantage="None"/></s>
        <s sid="15">Although beneficial for preventing the occurrence or re-occurrence of breast cancer, the use of tamoxifen has been shown to increase the incidence of endometrial cancer and venous thromboembolism (<xref class="xref-bibr" href="#ref-3" rid="xref-ref-3-1">3</xref>,<xref class="xref-bibr" href="#ref-4" rid="xref-ref-4-1">4</xref>).<CoreSc1 atype="GSC" type="Bac" conceptID="Bac2" novelty="None" advantage="None"/></s>
        <s sid="16">Additionally, tamoxifen is a potent hepatocarcinogen in rodents (<xref class="xref-bibr" href="#ref-5" rid="xref-ref-5-1">5</xref>,<xref class="xref-bibr" href="#ref-6" rid="xref-ref-6-1">6</xref>), with both initiating (<xref class="xref-bibr" href="#ref-7" rid="xref-ref-7-1">7</xref>) and promoting (<xref class="xref-bibr" href="#ref-8" rid="xref-ref-8-1">8</xref>) properties.<CoreSc1 atype="GSC" type="Obj" conceptID="Obj6" novelty="None" advantage="None"/></s>
        <s sid="17">There is substantial evidence that hepatic tumors in rats are due to a genotoxic mechanism resulting from formation of tamoxifen&#8211;DNA adducts (<xref class="xref-bibr" href="#ref-9" rid="xref-ref-9-1">9</xref>&#8211;<xref class="xref-bibr" href="#ref-13" rid="xref-ref-13-1">13</xref>); however, events subsequent to DNA adduct formation are not clear.<CoreSc1 atype="GSC" type="Mot" conceptID="Mot2" novelty="None" advantage="None"/><CoreSc2 atype="GSC" type="Bac" conceptID="Bac3" novelty="None" advantage="None"/></s>
      </p>
      <p xmlns:xhtml="http://www.w3.org/1999/xhtml" id="p-3">
        <s sid="18">Recently, it has been demonstrated that genotoxic carcinogens, in addition to exerting genotoxic effects, often cause epigenetic alterations (<xref class="xref-bibr" href="#ref-14" rid="xref-ref-14-1">14</xref>).<CoreSc1 atype="GSC" type="Bac" conceptID="Bac4" novelty="None" advantage="None"/></s>
        <s sid="19">Furthermore, it is becoming increasingly evident that these induced epigenetic changes may play a role in mechanisms of carcinogenesis (<xref class="xref-bibr" href="#ref-14" rid="xref-ref-14-2">14</xref>,<xref class="xref-bibr" href="#ref-15" rid="xref-ref-15-1">15</xref>).<CoreSc1 atype="GSC" type="Hyp" conceptID="Hyp1" novelty="None" advantage="None"/></s>
        <s sid="20">Specifically, progressive loss of cytosine DNA methylation (i.e. DNA hypomethylation) induced experimentally by different carcinogens often takes place at early stages of tumor development (<xref class="xref-bibr" href="#ref-16" rid="xref-ref-16-1">16</xref>&#8211;<xref class="xref-bibr" href="#ref-20" rid="xref-ref-20-1">20</xref>).<CoreSc1 atype="GSC" type="Bac" conceptID="Bac5" novelty="None" advantage="None"/></s>
        <s sid="21">However, it has not yet been established whether epigenetic changes induced by carcinogens and found in tumors play a causative role in carcinogenesis or are merely a consequence of the transformed state (<xref class="xref-bibr" href="#ref-14" rid="xref-ref-14-3">14</xref>,<xref class="xref-bibr" href="#ref-21" rid="xref-ref-21-1">21</xref>).<CoreSc1 atype="GSC" type="Mot" conceptID="Mot3" novelty="None" advantage="None"/></s>
        <s sid="22">In our previous studies using a methyl-deficient model of hepatocarcinogenesis in rats, we showed that stable irreversible DNA hypomethylation is a key step in carcinogenic process induced by methyl deprivation and is specific only to the carcinogenesis target tissue (<xref class="xref-bibr" href="#ref-22" rid="xref-ref-22-1">22</xref>,<xref class="xref-bibr" href="#ref-23" rid="xref-ref-23-1">23</xref>).<CoreSc1 atype="GSC" type="Bac" conceptID="Bac6" novelty="None" advantage="None"/></s>
        <s sid="23">A recent study by Yamada et al. (<xref class="xref-bibr" href="#ref-24" rid="xref-ref-24-1">24</xref>), showing that hypomethylation of DNA caused the development of multiple liver tumors in APC<sup>&#8722;/+</sup> mice, provided additional evidence of the importance of epigenetic alterations, specifically hypomethylation of DNA, in the origin of cancer.<CoreSc1 atype="GSC" type="Bac" conceptID="Bac7" novelty="None" advantage="None"/></s>
        <s sid="24">Based on these considerations, the present study was undertaken to determine whether the mechanism of tamoxifen-induced hepatocarcinogenesis includes both genotoxic and epigenetic components, and whether the epigenetic alterations observed early in liver tissue in the methyl-deficient model of hepatocarcinogenesis also occur with a genotoxic carcinogen and are specific to target tissue only.<CoreSc1 atype="GSC" type="Goa" conceptID="Goa1" novelty="None" advantage="None"/></s>
      </p>
      <p xmlns:xhtml="http://www.w3.org/1999/xhtml" id="p-4">
        <s sid="25">We demonstrate that long-term exposure of female Fisher 344 (F344) rats to tamoxifen-containing diet leads to the formation of tamoxifen&#8211;DNA adducts, a substantial decrease in cytosine DNA methylation, and a decrease histone H4 lysine 20 trimethylation in liver tissue accompanied by altered activity and expression of maintenance and de novo DNA methyltransferases.<CoreSc1 atype="GSC" type="Res" conceptID="Res6" novelty="None" advantage="None"/></s>
        <s sid="26">These epigenetic alterations are specific for liver tissue only and are unaffected in non-target tissues such as pancreas, spleen and mammary glands.<CoreSc1 atype="GSC" type="Res" conceptID="Res7" novelty="None" advantage="None"/></s>
        <s sid="27">The results of the study provide the first conclusive evidence of the importance of both genotoxic and epigenetic alterations in the etiology of tamoxifen-induced hepatocarcinogenesis.<CoreSc1 atype="GSC" type="Con" conceptID="Con2" novelty="None" advantage="None"/></s>
      </p>
    </SEC>
    <SEC>
      <TITLE>Materials and methods</TITLE>
      <h3 xmlns:xhtml="http://www.w3.org/1999/xhtml">Animals, treatments and tissue preparations</h3>
      <p xmlns:xhtml="http://www.w3.org/1999/xhtml" id="p-5">
        <s sid="28">Female weanling F344 rats were obtained from the National Center for Toxicological Research breeding facility, housed two per cage in a temperature-controlled (24&#176;C) room with a 12-h light/dark cycle, and given ad libitum access to water and NIH-31 laboratory diet.<CoreSc1 atype="GSC" type="Exp" conceptID="Exp2" novelty="None" advantage="None"/></s>
        <s sid="29">At 6 weeks of age, the rats (body weight 150 g) were allocated randomly to receive either NIH-31 diet containing 420 p.p.m. tamoxifen (Dyets, Bethlechem, PA) or control NIH-31 diet.<CoreSc1 atype="GSC" type="Exp" conceptID="Exp3" novelty="None" advantage="None"/></s>
        <s sid="30">Diets were stored at 4&#176;C and given ad libitum with biweekly replacement.<CoreSc1 atype="GSC" type="Exp" conceptID="Exp4" novelty="None" advantage="None"/></s>
        <s sid="31">Five rats per diet group and five rats per control group were sacrificed at 6, 12, 18 and 24 weeks after diet initiation.<CoreSc1 atype="GSC" type="Exp" conceptID="Exp5" novelty="None" advantage="None"/></s>
        <s sid="32">The livers, pancreas, kidneys, spleens and mammary glands were excised, frozen immediately in liquid nitrogen and stored at &#8722;80&#176;C for subsequent analyses.<CoreSc1 atype="GSC" type="Exp" conceptID="Exp6" novelty="None" advantage="None"/></s>
      </p>
      <h3 xmlns:xhtml="http://www.w3.org/1999/xhtml">Determination of tamoxifen&#8211;DNA adduct levels</h3>
      <p xmlns:xhtml="http://www.w3.org/1999/xhtml" id="p-6">
        <s sid="33">DNA was isolated from rat liver tissue using standard digestion with proteinase K, followed by standard phenol&#8211;chloroform extraction and ethanol precipitation (<xref class="xref-bibr" href="#ref-25" rid="xref-ref-25-1">25</xref>).<CoreSc1 atype="GSC" type="Met" conceptID="Met3" novelty="None" advantage="None"/></s>
        <s sid="34">The DNA samples were hydrolyzed to nucleosides and analyzed for (E)-&#945;-(deoxyguanosin-N<sup>2</sup>-yl)-tamoxifen (dG-Tam) and (E)-&#945;-(deoxyguanosin-N<sup>2</sup>-yl)-N-desmethyltamoxifen (dG-DesMeTam) by electrospray ionization tandem mass spectrometry (ES-MS/MS) coupled with online sample preparation and high-performance liquid chromatography [HPLC; (<xref class="xref-bibr" href="#ref-26" rid="xref-ref-26-1">26</xref>)] as described in Schild et al. (<xref class="xref-bibr" href="#ref-27" rid="xref-ref-27-1">27</xref>).<CoreSc1 atype="GSC" type="Met" conceptID="Met4" novelty="None" advantage="None"/></s>
      </p>
      <h3 xmlns:xhtml="http://www.w3.org/1999/xhtml">Determination of methylation changes at CCGG sites in DNA by cytosine extension assay</h3>
      <p xmlns:xhtml="http://www.w3.org/1999/xhtml" id="p-7">
        <s sid="35">Genomic DNA was isolated from frozen liver, pancreas, kidneys, spleen and mammary gland by digestion with proteinase K, followed by standard phenol&#8211;chloroform extraction and ethanol precipitation (<xref class="xref-bibr" href="#ref-25" rid="xref-ref-25-2">25</xref>).<CoreSc1 atype="GSC" type="Met" conceptID="Met5" novelty="None" advantage="None"/></s>
        <s sid="36">The extent of the global DNA methylation was evaluated with a radiolabeled [<sup>3</sup>H]-dCTP extension assay as described previously (<xref class="xref-bibr" href="#ref-28" rid="xref-ref-28-1">28</xref>).<CoreSc1 atype="GSC" type="Met" conceptID="Met6" novelty="None" advantage="None"/></s>
        <s sid="37">Briefly, 1 &#956;g of genomic DNA was digested with 20 U of methylation-sensitive HpaII or AciI restriction endonucleases (New England Biolabs, Beverly, MA) for 16&#8211;18 h at 37&#176;C.<CoreSc1 atype="GSC" type="Exp" conceptID="Exp7" novelty="None" advantage="None"/></s>
        <s sid="38">A second DNA aliquot (1 &#956;g) was digested with methylation-insensitive isoschizomer MspI, which cleaves CCGG sites in DNA regardless of CpG methylation status, to serve as a control for the digestion efficiency.<CoreSc1 atype="GSC" type="Exp" conceptID="Exp8" novelty="None" advantage="None"/></s>
        <s sid="39">Undigested DNA served as background control.<CoreSc1 atype="GSC" type="Exp" conceptID="Exp9" novelty="None" advantage="None"/></s>
        <s sid="40">The single nucleotide extension reaction was performed in a 25 &#956;l reaction mixture containing 1.0 &#956;g DNA, 1&#215; PCR buffer II, 1.0 mM MgCl<sub>2</sub>, 0.25 U AmpliTaq DNA polymerase (Applied Biosystems, Foster City, CA), 0.1 &#956;l of [<sup>3</sup>H]dCTP (57.4 Ci/mmol; Perkin Elmer Life and Analytical Sciences, Boston, MA) and incubated at 56&#176;C for 1 h.<CoreSc1 atype="GSC" type="Exp" conceptID="Exp10" novelty="None" advantage="None"/></s>
        <s sid="41">Samples were applied to DE-81 ion-exchange filters and washed three times with 0.5 M sodium phosphate buffer (pH 7.0) at room temperature.<CoreSc1 atype="GSC" type="Exp" conceptID="Exp11" novelty="None" advantage="None"/></s>
        <s sid="42">The filters were dried and processed for scintillation counting.<CoreSc1 atype="GSC" type="Exp" conceptID="Exp12" novelty="None" advantage="None"/></s>
        <s sid="43">[<sup>3</sup>H]dCTP incorporation into DNA is expressed as mean disintegrations per minute (d.p.m.) per &#956;g of DNA after subtraction of the d.p.m. incorporation in undigested samples (background).<CoreSc1 atype="GSC" type="Met" conceptID="Met7" novelty="None" advantage="None"/></s>
      </p>
      <h3 xmlns:xhtml="http://www.w3.org/1999/xhtml">Determination of DNA methyltransferase activity</h3>
      <p xmlns:xhtml="http://www.w3.org/1999/xhtml" id="p-8">
        <s sid="44">The determination of DNA methyltransferase activity in tissue lysates was performed as described previously (<xref class="xref-bibr" href="#ref-29" rid="xref-ref-29-1">29</xref>).<CoreSc1 atype="GSC" type="Met" conceptID="Met8" novelty="None" advantage="None"/></s>
      </p>
      <h3 xmlns:xhtml="http://www.w3.org/1999/xhtml">Analysis of expression of maintenance DNA methyltransferase (DNMT1) and de novo (DNMT3a and DNMT3b) DNA methyltransferases</h3>
      <p xmlns:xhtml="http://www.w3.org/1999/xhtml" id="p-9">
        <s sid="45">Expression of DNMT1, DNMT3a, DNMT3b and proliferating cell nuclear antigen (PCNA) was determined by western immunoblotting analysis.<CoreSc1 atype="GSC" type="Met" conceptID="Met9" novelty="None" advantage="None"/></s>
        <s sid="46">Briefly, tissue samples were homogenized, sonicated in 500 &#956;l of ice-chilled 1% sodium dodecyl sulphate (SDS) and boiled for 10 min.<CoreSc1 atype="GSC" type="Exp" conceptID="Exp13" novelty="None" advantage="None"/></s>
        <s sid="47">Protein concentrations were determined by the Bradford assay (Pierce, Rockford, IL).<CoreSc1 atype="GSC" type="Exp" conceptID="Exp14" novelty="None" advantage="None"/></s>
        <s sid="48">Equal amounts of proteins (10 &#956;g) were separated by SDS&#8211;polyacrylamide gel electrophoresis (PAGE) using slab gels of 12% polyacrylamide, made in duplicate, and transferred onto PVDF membranes (Amersham Biosciences, Piscataway, NJ).<CoreSc1 atype="GSC" type="Exp" conceptID="Exp15" novelty="None" advantage="None"/></s>
        <s sid="49">Membranes were incubated with primary antibodies against DNMT1 (1:1000, Abcam, Cambridge, MA), DNMT3a, DNMT3b (1:500, Abgent, San Diego, CA) and PCNA (1:1000, Santa Cruz Biotechnology, Santa Cruz, CA).<CoreSc1 atype="GSC" type="Exp" conceptID="Exp16" novelty="None" advantage="None"/></s>
        <s sid="50">After incubation with a horseradish peroxidase-conjugated secondary antibody, antibody binding was detected with an ECL Plus Immunoblotting Detection System (Amersham Biosciences).<CoreSc1 atype="GSC" type="Exp" conceptID="Exp17" novelty="None" advantage="None"/></s>
        <s sid="51">Chemiluminescence was detected by Biomax MR Films (Eastman Kodak, New Haven, CT).<CoreSc1 atype="GSC" type="Exp" conceptID="Exp18" novelty="None" advantage="None"/></s>
        <s sid="52">To confirm equal protein loading, unaltered PVDF membranes were stained with Coomassie Blue.<CoreSc1 atype="GSC" type="Exp" conceptID="Exp19" novelty="None" advantage="None"/></s>
        <s sid="53">Signals were quantified using NIH ImageJ 1.63 Software and normalized relative to glyceraldehyde 3-phosphate dehydrogenase (GAPDH).<CoreSc1 atype="GSC" type="Met" conceptID="Met10" novelty="None" advantage="None"/></s>
      </p>
      <h3 xmlns:xhtml="http://www.w3.org/1999/xhtml">Histone extraction</h3>
      <p xmlns:xhtml="http://www.w3.org/1999/xhtml" id="p-10">
        <s sid="54">Acidic cell extracts were prepared from frozen liver tissues using a lysis buffer containing 10 mM HEPES (pH 7.9), 1.5 mM MgCl<sub>2</sub>, 10 mM KCl, 500 &#956;M DTT, 1.5 mM PMSF, followed by addition of HCl to a final concentration of 200 mM according to manufacturer's protocol (Upstate, Charlottesville, VA).<CoreSc1 atype="GSC" type="Exp" conceptID="Exp20" novelty="None" advantage="None"/></s>
        <s sid="55">Cell lysates were centrifuged at 14 000&#215; g for 10 min at 4&#176;C, and the acid-insoluble pellets were discarded.<CoreSc1 atype="GSC" type="Exp" conceptID="Exp21" novelty="None" advantage="None"/></s>
        <s sid="56">The supernatant fractions, which contain the acid soluble proteins, were purified by sequential dialysis against 100 mM acetic acid, then H<sub>2</sub>O. Protein concentrations were determined by the Bradford assay and aliquots of total histones were stored at &#8722;80&#176;C.<CoreSc1 atype="GSC" type="Exp" conceptID="Exp22" novelty="None" advantage="None"/></s>
      </p>
      <h3 xmlns:xhtml="http://www.w3.org/1999/xhtml">Analysis of trimethylation of histone H3 lysine 9 (H3K9) and histone H4 lysine 20 (H4K20)</h3>
      <p xmlns:xhtml="http://www.w3.org/1999/xhtml" id="p-11">
        <s sid="57">Equal amount of total histones (40 &#956;g) were mixed with two volumes of gel loading buffer [250 mM Tris&#8211;HCl (pH 8.0), 20% &#946;-mercaptoethanol, 40% glycerol, 8% SDS, 1.2 mg/ml bromophenol blue], heated for 5 min at 95&#176;C and resolved on 15% polyacrylamide gel.<CoreSc1 atype="GSC" type="Exp" conceptID="Exp23" novelty="None" advantage="None"/></s>
        <s sid="58">Proteins were transferred onto PVDF membranes.<CoreSc1 atype="GSC" type="Exp" conceptID="Exp24" novelty="None" advantage="None"/></s>
        <s sid="59">The membranes were blocked for 4 h in Tris-buffered saline (TBS) containing 5% non-fat dry milk and 0.1% Tween-20.<CoreSc1 atype="GSC" type="Exp" conceptID="Exp25" novelty="None" advantage="None"/></s>
        <s sid="60">Anti-trimethyl-histone H3K9 and anti-trimethyl-histone H4K20 primary antibodies were diluted 1:1000 and 1:2000, respectively, according to manufacturer's recommendations (Upstate).<CoreSc1 atype="GSC" type="Exp" conceptID="Exp26" novelty="None" advantage="None"/></s>
        <s sid="61">Primary antibody binding was performed at 4&#176;C overnight with constant shaking.<CoreSc1 atype="GSC" type="Exp" conceptID="Exp27" novelty="None" advantage="None"/></s>
        <s sid="62">A secondary donkey anti-rabbit antibody, labeled with alkaline phosphatase (Santa Cruz Biotechnology), was applied at 1:5000 dilutions and binding was carried out at room temperature for 1.5 h.<CoreSc1 atype="GSC" type="Exp" conceptID="Exp28" novelty="None" advantage="None"/></s>
        <s sid="63">Chemifluorescence detection was performed with the ECF substrate for western blotting (Amersham Biosciences) and measured directly by a Storm Imaging System (Molecular Dynamics, Sunnyvale, CA).<CoreSc1 atype="GSC" type="Exp" conceptID="Exp29" novelty="None" advantage="None"/></s>
        <s sid="64">Images are representative of three independent immunoblots and were analyzed by ImageQuant software.<CoreSc1 atype="GSC" type="Met" conceptID="Met11" novelty="None" advantage="None"/></s>
        <s sid="65">All membranes were stained with Coomassie Blue and with anti-histone H3 and anti-histone H4 antibodies to confirm equal protein loading.<CoreSc1 atype="GSC" type="Exp" conceptID="Exp30" novelty="None" advantage="None"/></s>
      </p>
      <h3 xmlns:xhtml="http://www.w3.org/1999/xhtml">Analysis of expression of Suv-39h1 and Suv2-40h2 histone methyltransferases</h3>
      <p xmlns:xhtml="http://www.w3.org/1999/xhtml" id="p-12">
        <s sid="66">Liver tissue lysates were prepared by homogenization of 50 mg of tissue in 500 &#956;l of lysis buffer (50 mM Tris&#8211;HCl, pH 7.4; 1% NP-40; 0.25% sodium deoxycholate; 150 mM NaCl; 1 mM EDTA; 1 mM PMSF; 1 &#956;g/ml each aprotinin, leupeptin, pepstatin; 1 mM Na<sub>3</sub>VO<sub>4</sub>, 1 mM NaF), sonication and incubation at 4&#176;C for 30 min, followed by centrifugation at 10 000&#215; g at 4&#176;C for 20 min.<CoreSc1 atype="GSC" type="Exp" conceptID="Exp31" novelty="None" advantage="None"/></s>
      </p>
      <p xmlns:xhtml="http://www.w3.org/1999/xhtml" id="p-13">
        <s sid="67">Extracts containing equal quantities of proteins were separated by SDS&#8211;PAGE on 10% polyacrylamide gels and transferred to PVDF membranes.<CoreSc1 atype="GSC" type="Exp" conceptID="Exp32" novelty="None" advantage="None"/></s>
        <s sid="68">Membranes were probed with antibodies specific for Suv-39h1 (Upstate) and Suv4-20h2 (Abcam) histone methyltransferases (HMTs) at 1:1000 and 1:1500 dilutions, respectively.<CoreSc1 atype="GSC" type="Exp" conceptID="Exp33" novelty="None" advantage="None"/></s>
        <s sid="69">Alkaline phosphatase-coupled donkey anti-rabbit secondary antibodies were used for visualization.<CoreSc1 atype="GSC" type="Exp" conceptID="Exp34" novelty="None" advantage="None"/></s>
      </p>
      <h3 xmlns:xhtml="http://www.w3.org/1999/xhtml">Immunohistochemistry</h3>
      <p xmlns:xhtml="http://www.w3.org/1999/xhtml" id="p-14">
        <s sid="70">The status of glutathione S-transferase placental form (GST-P) expression in liver was determined in liver sections after 24 weeks of feeding the rats the tamoxifen-containing diet.<CoreSc1 atype="GSC" type="Exp" conceptID="Exp35" novelty="None" advantage="None"/></s>
        <s sid="71">Formalin-fixed paraffin-embedded liver sections were deparaffinized and re-hydrated.<CoreSc1 atype="GSC" type="Exp" conceptID="Exp36" novelty="None" advantage="None"/></s>
        <s sid="72">Endogenous peroxidase was inhibited by incubation with freshly prepared 3% hydrogen peroxide with 0.1% sodium azide for 10 min at room temperature.<CoreSc1 atype="GSC" type="Exp" conceptID="Exp37" novelty="None" advantage="None"/></s>
        <s sid="73">Non-specific staining was blocked with normal goat 10% serum (Sigma, St Louis, MO) for 20 min at room temperature.<CoreSc1 atype="GSC" type="Exp" conceptID="Exp38" novelty="None" advantage="None"/></s>
        <s sid="74">The sections were then incubated with rabbit polyclonal anti-human GST-P (DAKO, Carpinteria, CA) at the dilution of 1:100 (10 &#956;g/ml) for 1 h at room temperature.<CoreSc1 atype="GSC" type="Exp" conceptID="Exp39" novelty="None" advantage="None"/></s>
        <s sid="75">The specificity of the DAKO antibody is similar to that reported for other polyclonal antibodies to GST-P (<xref class="xref-bibr" href="#ref-30" rid="xref-ref-30-1">30</xref>), and the cross-reactivity of this antibody with rodent pi-class glutathione S-transferases has been demonstrated earlier (<xref class="xref-bibr" href="#ref-31" rid="xref-ref-31-1">31</xref>).<CoreSc1 atype="GSC" type="Bac" conceptID="Bac8" novelty="None" advantage="None"/></s>
        <s sid="76">After incubation with primary antibody, tissue sections were incubated with biotinylated goat anti-rabbit IgG (ExtrAvidin Kit, Sigma) at a dilution of 1:30 for 30 min at RT, and later with streptavidin-conjugated horseradish peroxidase (ExtrAvidin Kit, Sigma) at the dilution of 1:30 for 30 min at room temperature.<CoreSc1 atype="GSC" type="Exp" conceptID="Exp40" novelty="None" advantage="None"/></s>
        <s sid="77">Staining was developed with diaminobenzidine substrate for 5 min at room temperature, and sections were counterstained with hematoxylin and mounted with Permount (Fisher Scientific, Pittsburgh, PA).<CoreSc1 atype="GSC" type="Exp" conceptID="Exp41" novelty="None" advantage="None"/></s>
        <s sid="78">For a negative control, 10 &#956;g/ml rabbit IgG (Jackson Immunoresearch) or phosphate-buffered saline replaced the primary antibody.<CoreSc1 atype="GSC" type="Exp" conceptID="Exp42" novelty="None" advantage="None"/></s>
        <s sid="79">For the positive control, rat liver sections containing previously confirmed diethylnitrosamine-initiated foci were immunostained for GST-P.<CoreSc1 atype="GSC" type="Exp" conceptID="Exp43" novelty="None" advantage="None"/></s>
        <s sid="80">All sections were examined by light microscopy (BX40, Olympus, Japan).<CoreSc1 atype="GSC" type="Exp" conceptID="Exp44" novelty="None" advantage="None"/></s>
      </p>
      <h3 xmlns:xhtml="http://www.w3.org/1999/xhtml">Statistical analysis</h3>
      <p xmlns:xhtml="http://www.w3.org/1999/xhtml" id="p-15">
        <s sid="81">The extent of DNA methylation, DNA methyltransferase activity, was assessed by two-way ANOVA, using treatment and weeks as fixed factors.<CoreSc1 atype="GSC" type="Met" conceptID="Met12" novelty="None" advantage="None"/></s>
        <s sid="82">Pair-wise comparisons were conducted with Student-Newman-Keuls test.<CoreSc1 atype="GSC" type="Met" conceptID="Met13" novelty="None" advantage="None"/></s>
        <s sid="83">P-values &lt;0.05 were considered significant.<CoreSc1 atype="GSC" type="Met" conceptID="Met14" novelty="None" advantage="None"/></s>
      </p>
    </SEC>
    <SEC>
      <TITLE>Results</TITLE>
      <h3 xmlns:xhtml="http://www.w3.org/1999/xhtml">Hepatic tamoxifen&#8211;DNA adduct levels</h3>
      <p xmlns:xhtml="http://www.w3.org/1999/xhtml" id="p-16">
        <s sid="84">The presence of dG-Tam and dG-DesMeTam in liver DNA was assessed by HPLC-ES-MS/MS after feeding rats 420 p.p.m. tamoxifen for 6, 12, 18 or 24 weeks.<CoreSc1 atype="GSC" type="Exp" conceptID="Exp45" novelty="None" advantage="None"/></s>
        <s sid="85">Representative multiple reaction monitoring (MRM) chromatograms are shown in <xref class="xref-fig" href="#F1" rid="xref-fig-1-1">Figure 1</xref>.<CoreSc1 atype="GSC" type="Obs" conceptID="Obs1" novelty="None" advantage="None"/></s>
        <s sid="86">Chromatograms A, B and C present the traces corresponding to the MRM of the transitions from the doubly charged protonated nucleoside molecule [(M + 2H)<sup>2+</sup>] to the doubly charged protonated purine base [(BH + 2H)<sup>2+</sup>] for 25 pg of the internal standard dG-Tam-d<sub>6</sub> (m/z 322 &#8594; 264).<CoreSc1 atype="GSC" type="Obs" conceptID="Obs2" novelty="None" advantage="None"/></s>
        <s sid="87">Chromatogram D is the trace corresponding to the MRM of the transitions from the doubly charged protonated nucleoside molecule [(M + 2H)<sup>2+</sup>] to the doubly charged protonated purine base [(BH + 2H)<sup>2+</sup>] for 25 pg of the synthetic standarddG-TAM (m/z 319 &#8594; 261).<CoreSc1 atype="GSC" type="Obs" conceptID="Obs3" novelty="None" advantage="None"/></s>
        <s sid="88">Identical MRM transitions are presented in Chromatograms E and F for rat liver DNA samples from a rat fed tamoxifen for 6 weeks and a control rat.<CoreSc1 atype="GSC" type="Obs" conceptID="Obs4" novelty="None" advantage="None"/></s>
        <s sid="89">In Chromatogram E a peak is clearly evident that corresponds to dG-TAM, whereas this peak in not present in Chromatogram F. Chromatogram G is the trace corresponding to the MRM of the transitions from the doubly charged protonated nucleoside molecule [(M + 2H)<sup>2+</sup>] to the doubly charged protonated purine base [(BH + 2H)<sup>2+</sup>] for 50 pg of the synthetic standard dG-DesMeTam (m/z 312 &#8594; 254).<CoreSc1 atype="GSC" type="Obs" conceptID="Obs5" novelty="None" advantage="None"/></s>
        <s sid="90">Chromatograms H and I are the same MRM transitions for the rat liver DNA samples; dG-DesMeTam is clearly evident in Chromatogram H and is not present in the control sample (Chromatogram I).<CoreSc1 atype="GSC" type="Obs" conceptID="Obs6" novelty="None" advantage="None"/></s>
      </p>
      <p xmlns:xhtml="http://www.w3.org/1999/xhtml" id="p-18">
        <s sid="91">The total levels of tamoxifen&#8211;DNA adducts increased with time until a plateau was reached after 18 weeks of feeding (<xref class="xref-table" href="#T1" rid="xref-table-wrap-1-1">Table I</xref>).<CoreSc1 atype="GSC" type="Res" conceptID="Res8" novelty="None" advantage="None"/></s>
        <s sid="92">dG-Tam accounted for 45% of the total tamoxifen&#8211;DNA adducts after 6 weeks of feeding, and decreased to 38% of the total tamoxifen&#8211;DNA by 18 weeks of feeding.<CoreSc1 atype="GSC" type="Res" conceptID="Res9" novelty="None" advantage="None"/></s>
        <s sid="93">dG-Tam and dG-DesMeTam were not detected (&lt;3 adducts/10<sup>8</sup> nt) in hepatic DNA from control rats at any time point.<CoreSc1 atype="GSC" type="Res" conceptID="Res10" novelty="None" advantage="None"/></s>
      </p>
      <h3 xmlns:xhtml="http://www.w3.org/1999/xhtml">Effect of tamoxifen on DNA methylation in liver and non-target tissues</h3>
      <p xmlns:xhtml="http://www.w3.org/1999/xhtml" id="p-21">
        <s sid="94">DNA methylation status was assessed with a sensitive cytosine extension assay that measures the proportion of unmethylated CpG sites in DNA.<CoreSc1 atype="GSC" type="Met" conceptID="Met15" novelty="None" advantage="None"/></s>
        <s sid="95">The assays are based on the ability of the methylation-sensitive restriction enzymes HpaII or AciI to cleave unmethylated CCGG (HpaII), CCGC and GCGG (AciI) sequences and leave a 5&#8242; guanine overhang that can be used for the subsequent single nucleotide extension with labeled [<sup>3</sup>H]dCTP (<xref class="xref-bibr" href="#ref-28" rid="xref-ref-28-2">28</xref>).<CoreSc1 atype="GSC" type="Bac" conceptID="Bac9" novelty="None" advantage="None"/></s>
        <s sid="96">The extent of [<sup>3</sup>H]dCTP incorporation is directly proportional to the number of unmethylated CpG sites.<CoreSc1 atype="GSC" type="Bac" conceptID="Bac10" novelty="None" advantage="None"/></s>
        <s sid="97">In livers of control rats, the extent of DNA methylation did not change over the 24 week period (<xref class="xref-fig" href="#F2" rid="xref-fig-2-1">Figure 2</xref>).<CoreSc1 atype="GSC" type="Res" conceptID="Res11" novelty="None" advantage="None"/></s>
        <s sid="98">In livers of rats fed tamoxifen, DNA became significantly hypomethylated after 6 weeks on diet (<xref class="xref-fig" href="#F2" rid="xref-fig-2-2">Figure 2</xref>).<CoreSc1 atype="GSC" type="Res" conceptID="Res12" novelty="None" advantage="None"/></s>
        <s sid="99">At that time, the incorporation of [<sup>3</sup>H]dCTP into HpaII- or AciI-digested DNA isolated from livers of tamoxifen-treated rats was, respectively, 2.0 and 1.7 times greater than in the age-matched control animals.<CoreSc1 atype="GSC" type="Res" conceptID="Res13" novelty="None" advantage="None"/></s>
        <s sid="100">At later times (12, 18 and 24 weeks) the extent of DNA hypomethylation in livers of tamoxifen-treated rats decreased slightly compared to the 6 week value, but still remained 1.5&#8211;1.6 times greater than the control values.<CoreSc1 atype="GSC" type="Res" conceptID="Res14" novelty="None" advantage="None"/></s>
        <s sid="101">Treatment with tamoxifen did not change the extent of DNA methylation in the mammary gland, pancreas or spleen.<CoreSc1 atype="GSC" type="Res" conceptID="Res15" novelty="None" advantage="None"/></s>
        <s sid="102">In the kidney, tamoxifen treatment caused a 1.1- to 1.2-fold increase in DNA hypomethylation, with the difference being significant after 24 weeks of feeding (data not shown).<CoreSc1 atype="GSC" type="Res" conceptID="Res16" novelty="None" advantage="None"/></s>
      </p>
      <h3 xmlns:xhtml="http://www.w3.org/1999/xhtml">Effect of tamoxifen on activity of DNA methyltransferase in liver and non-target tissues</h3>
      <p xmlns:xhtml="http://www.w3.org/1999/xhtml" id="p-23">
        <s sid="103">Since global loss of cytosine DNA methylation could be linked to altered activity and/or expression of DNA methyltransferases, the activity of endogenous DNA methyltransferase was analyzed in control and tamoxifen-fed rats.<CoreSc1 atype="GSC" type="Met" conceptID="Met16" novelty="None" advantage="None"/><CoreSc2 atype="GSC" type="Bac" conceptID="Bac11" novelty="None" advantage="None"/></s>
        <s sid="104">In rats fed tamoxifen, there was time-dependent increase in endogenous DNA methyltransferase activity in liver tissue with the increase becoming significant after 24 weeks of feeding (<xref class="xref-fig" href="#F3" rid="xref-fig-3-1">Figure 3</xref>).<CoreSc1 atype="GSC" type="Res" conceptID="Res17" novelty="None" advantage="None"/></s>
        <s sid="105">DNA methyltransferase activity was also measured in the kidneys, mammary gland and spleen after 12 and 24 weeks of feeding tamoxifen.<CoreSc1 atype="GSC" type="Res" conceptID="Res18" novelty="None" advantage="None"/></s>
        <s sid="106">The activity did not differ between the tamoxifen-exposed and age-matched control rats (data not shown).<CoreSc1 atype="GSC" type="Res" conceptID="Res19" novelty="None" advantage="None"/></s>
      </p>
      <h3 xmlns:xhtml="http://www.w3.org/1999/xhtml">Effect of tamoxifen on the expression of DNA methyltransferases in liver tissue</h3>
      <p xmlns:xhtml="http://www.w3.org/1999/xhtml" id="p-25">
        <s sid="107">The observed changes in the level of DNA methylation and endogenous DNA methyltransferase activity in liver of tamoxifen-fed rats prompted us to investigate further the expression of maintenance (DNMT1) and de novo (DNMT3a and DNMT3b) DNA methyltransferases in liver of tamoxifen-exposed and control rats.<CoreSc1 atype="GSC" type="Mot" conceptID="Mot4" novelty="None" advantage="None"/><CoreSc2 atype="GSC" type="Res" conceptID="Res20" novelty="None" advantage="None"/></s>
        <s sid="108">DNMT1, DNMT3a and DNMT3b are the three main functional enzymes responsible for setting and maintaining DNA methylation patterns in mammalian cells.<CoreSc1 atype="GSC" type="Obj" conceptID="Obj7" novelty="None" advantage="None"/></s>
        <s sid="109">They have distinct abilities to catalyze maintenance and de novo DNA methylation.<CoreSc1 atype="GSC" type="Bac" conceptID="Bac12" novelty="None" advantage="None"/></s>
        <s sid="110">Deregulation of any or all of their expression may result in perturbations of DNA methylation patterns.<CoreSc1 atype="GSC" type="Bac" conceptID="Bac13" novelty="None" advantage="None"/></s>
        <s sid="111">Expression of the maintenance DNA methyltransferase DNMT1 in liver of tamoxifen-fed rats did not significantly change over 24 weeks of experiment (<xref class="xref-fig" href="#F4" rid="xref-fig-4-1">Figure 4</xref>, <xref class="xref-table" href="#T2" rid="xref-table-wrap-2-1">Table II</xref>).<CoreSc1 atype="GSC" type="Res" conceptID="Res21" novelty="None" advantage="None"/></s>
        <s sid="112">The expression of de novo DNMT3a showed slight, but statistically significant, decrease beginning after 18 weeks of feeding tamoxifen (<xref class="xref-table" href="#T2" rid="xref-table-wrap-2-2">Table II</xref>), and the expression of DNMT3b was substantially lower after 12 weeks of feeding tamoxifen (<xref class="xref-table" href="#T2" rid="xref-table-wrap-2-3">Table II</xref>).<CoreSc1 atype="GSC" type="Res" conceptID="Res22" novelty="None" advantage="None"/></s>
        <s sid="113">In contrast, the expression of PCNA in liver of tamoxifen-fed rats was significantly higher beginning after 6 weeks of feeding (<xref class="xref-table" href="#T2" rid="xref-table-wrap-2-4">Table II</xref>).<CoreSc1 atype="GSC" type="Res" conceptID="Res23" novelty="None" advantage="None"/></s>
      </p>
      <p xmlns:xhtml="http://www.w3.org/1999/xhtml" id="p-30">
        <s sid="114">Considering the well-established link between expression of DNA methyltransferases and DNA replication (<xref class="xref-bibr" href="#ref-32" rid="xref-ref-32-1">32</xref>,<xref class="xref-bibr" href="#ref-33" rid="xref-ref-33-1">33</xref>), and fact that tamoxifen increased cell replicative activity (<xref class="xref-bibr" href="#ref-34" rid="xref-ref-34-1">34</xref>,<xref class="xref-bibr" href="#ref-35" rid="xref-ref-35-1">35</xref>), to determine precisely tamoxifen-induced changes in DNMTs expression in liver, we adjusted the protein level of DNA methyltransferases to PCNA expression.<CoreSc1 atype="GSC" type="Goa" conceptID="Goa2" novelty="None" advantage="None"/><CoreSc2 atype="GSC" type="Exp" conceptID="Exp46" novelty="None" advantage="None"/></s>
        <s sid="115">The data presented in <xref class="xref-table" href="#T3" rid="xref-table-wrap-3-1">Table III</xref> show that long-term exposure of F344 rats to tamoxifen resulted in a decreased expression of DNMT1, DNMT3a and DNMT3b beginning after 6 weeks of feeding.<CoreSc1 atype="GSC" type="Res" conceptID="Res24" novelty="None" advantage="None"/></s>
        <s sid="116">This finding corresponds to the observation reported by Kimura et al. (<xref class="xref-bibr" href="#ref-36" rid="xref-ref-36-1">36</xref>) showing decrease of DNMTs expression relative to cell proliferation in transitional cell carcinoma.<CoreSc1 atype="GSC" type="Res" conceptID="Res25" novelty="None" advantage="None"/></s>
      </p>
      <h3 xmlns:xhtml="http://www.w3.org/1999/xhtml">Effect of tamoxifen on histone H3K9 and H4K20 trimethylation and on expression of HMTs Suv-39h1and Suv2-40h2 in liver</h3>
      <p xmlns:xhtml="http://www.w3.org/1999/xhtml" id="p-34">
        <s sid="117">Considering tight interaction between DNA methylation and modifications of histones (<xref class="xref-bibr" href="#ref-37" rid="xref-ref-37-1">37</xref>,<xref class="xref-bibr" href="#ref-38" rid="xref-ref-38-1">38</xref>) and the results of recent studies showing that aberrant histone modifications play an important role in carcinogenesis (<xref class="xref-bibr" href="#ref-38" rid="xref-ref-38-2">38</xref>), we examined the alterations in the trimethylation of histones H3K9 (H3K9me3) and H4K20 (H4K20me3) in livers of rats exposed to tamoxifen.<CoreSc1 atype="GSC" type="Obj" conceptID="Obj8" novelty="None" advantage="None"/><CoreSc2 atype="GSC" type="Bac" conceptID="Bac14" novelty="None" advantage="None"/></s>
        <s sid="118"><xref class="xref-fig" href="#F5" rid="xref-fig-5-1">Figure 5A</xref> shows that feeding rats tamoxifen-containing diet resulted in rapid and sustained loss of histone H4K20me3.<CoreSc1 atype="GSC" type="Obs" conceptID="Obs7" novelty="None" advantage="None"/></s>
        <s sid="119">The level of histone H4K20me3 in liver of animals exposed to tamoxifen for 6 weeks was &#8764;28% lower than in control group.<CoreSc1 atype="GSC" type="Res" conceptID="Res26" novelty="None" advantage="None"/></s>
        <s sid="120">After 12, 18 and 24 weeks of experiment, level of histone H4K20me3 in the livers of the rats fed tamoxifen was decreased by 32, 34 and 45%, respectively, compared to the age-matched control animals.<CoreSc1 atype="GSC" type="Res" conceptID="Res27" novelty="None" advantage="None"/></s>
        <s sid="121">In contrast, the extent of histone H3K9me3 in the livers of tamoxifen-treated animals increased after 6 weeks of feeding and remained elevated until 18 weeks (<xref class="xref-fig" href="#F5" rid="xref-fig-5-2">Figure 5B</xref>).<CoreSc1 atype="GSC" type="Res" conceptID="Res28" novelty="None" advantage="None"/></s>
        <s sid="122">The expression of HMTs Suv-39h1 and Suv2-40h2, which are responsible for trimethylation of histones H3K9 and H4K20, did not change significantly over the 24 week experiment (<xref class="xref-fig" href="#F6" rid="xref-fig-6-1">Figure 6</xref>).<CoreSc1 atype="GSC" type="Res" conceptID="Res29" novelty="None" advantage="None"/></s>
      </p>
      <h3 xmlns:xhtml="http://www.w3.org/1999/xhtml">Morphological changes in liver of rats fed tamoxifen-containing diet</h3>
      <p xmlns:xhtml="http://www.w3.org/1999/xhtml" id="p-37">
        <s sid="123">The expression of GST-P, a marker for initiated cells (<xref class="xref-bibr" href="#ref-39" rid="xref-ref-39-1">39</xref>,<xref class="xref-bibr" href="#ref-40" rid="xref-ref-40-1">40</xref>), was evaluated in control and tamoxifen-treated rats after 24 weeks of feeding.<CoreSc1 atype="GSC" type="Obj" conceptID="Obj9" novelty="None" advantage="None"/></s>
        <s sid="124">In most sections from rats fed tamoxifen, immunostaining for GST-P was not detected, and only few samples contained single cells that were GST-P-positive (data not shown).<CoreSc1 atype="GSC" type="Obs" conceptID="Obs8" novelty="None" advantage="None"/></s>
        <s sid="125">Diethylnitrosamine-initiated liver foci, which were used as a positive control, were intensely stained for GST-P.<CoreSc1 atype="GSC" type="Obs" conceptID="Obs9" novelty="None" advantage="None"/></s>
        <s sid="126">No staining was observed in livers from control rats.<CoreSc1 atype="GSC" type="Obs" conceptID="Obs10" novelty="None" advantage="None"/></s>
      </p>
    </SEC>
    <SEC>
      <TITLE>Discussion</TITLE>
      <p xmlns:xhtml="http://www.w3.org/1999/xhtml" id="p-38">
        <s sid="127">The results of this study show that the mechanism of tamoxifen-induced hepatocarcinogenesis in rats includes both genotoxic and epigenetic components.<CoreSc1 atype="GSC" type="Con" conceptID="Con3" novelty="None" advantage="None"/></s>
        <s sid="128">The hepatocarcinogenic effects of tamoxifen may be attributed to its tumor-initiating and tumor-promoting activities (<xref class="xref-bibr" href="#ref-7" rid="xref-ref-7-2">7</xref>,<xref class="xref-bibr" href="#ref-8" rid="xref-ref-8-2">8</xref>,<xref class="xref-bibr" href="#ref-41" rid="xref-ref-41-1">41</xref>).<CoreSc1 atype="GSC" type="Bac" conceptID="Bac15" novelty="None" advantage="None"/></s>
        <s sid="129">The mechanisms involved in liver tumor induction by tamoxifen include its metabolic activation to genotoxic derivatives by hepatic cytochrome P450-dependent monooxygenases through &#945;-hydroxylation (<xref class="xref-bibr" href="#ref-13" rid="xref-ref-13-2">13</xref>), which leads to DNA adduct formation (<xref class="xref-bibr" href="#ref-9" rid="xref-ref-9-2">9</xref>&#8211;<xref class="xref-bibr" href="#ref-13" rid="xref-ref-13-3">13</xref>,<xref class="xref-bibr" href="#ref-42" rid="xref-ref-42-1">42</xref>); however, events subsequent to DNA adduct formation are not clear.<CoreSc1 atype="GSC" type="Mot" conceptID="Mot5" novelty="None" advantage="None"/><CoreSc2 atype="GSC" type="Bac" conceptID="Bac16" novelty="None" advantage="None"/></s>
      </p>
      <p xmlns:xhtml="http://www.w3.org/1999/xhtml" id="p-39">
        <s sid="130">Recent studies have suggested the link between long-term carcinogenic exposure, epigenetic alterations and the following malignant transformation (<xref class="xref-bibr" href="#ref-20" rid="xref-ref-20-2">20</xref>,<xref class="xref-bibr" href="#ref-43" rid="xref-ref-43-1">43</xref>,<xref class="xref-bibr" href="#ref-44" rid="xref-ref-44-1">44</xref>).<CoreSc1 atype="GSC" type="Bac" conceptID="Bac17" novelty="None" advantage="None"/></s>
        <s sid="131">In light of these considerations, we examined whether or not tamoxifen, in addition to being genotoxic, altered the cellular epigenetic status of liver cells.<CoreSc1 atype="GSC" type="Obj" conceptID="Obj10" novelty="None" advantage="None"/></s>
        <s sid="132">The results of our study provided the first experimental evidence that feeding the F344 rats tamoxifen-containing diet led to substantial epigenetic changes in liver tissue comprising a rapid and sustained global DNA hypomethylation, altered activity and expression of DNA methyltransferases, and stable loss of histone H4K20 trimethylation.<CoreSc1 atype="GSC" type="Con" conceptID="Con4" novelty="None" advantage="None"/></s>
        <s sid="133">In contrast, non-target tissues displayed no changes in global DNA methylation status or DNA methyltransferase activity.<CoreSc1 atype="GSC" type="Res" conceptID="Res30" novelty="None" advantage="None"/></s>
      </p>
      <p xmlns:xhtml="http://www.w3.org/1999/xhtml" id="p-40">
        <s sid="134">We reported previously that stable DNA hypomethylation is an important step in the transition of normal cells to tumor cells during hepatocarcinogenesis induced by methyl-deficient diet (<xref class="xref-bibr" href="#ref-22" rid="xref-ref-22-2">22</xref>,<xref class="xref-bibr" href="#ref-23" rid="xref-ref-23-2">23</xref>).<CoreSc1 atype="GSC" type="Bac" conceptID="Bac18" novelty="None" advantage="None"/></s>
        <s sid="135">Similar observations have been found in response to variety of genotoxic hepatocarcinogens, such as ethionine (<xref class="xref-bibr" href="#ref-16" rid="xref-ref-16-2">16</xref>), hydrazine sulfate (<xref class="xref-bibr" href="#ref-45" rid="xref-ref-45-1">45</xref>) and sodium arsenite (<xref class="xref-bibr" href="#ref-18" rid="xref-ref-18-1">18</xref>); however, in these studies, alterations in global and regional DNA methylation were analyzed at a single time point after formation of liver lesions.<CoreSc1 atype="GSC" type="Bac" conceptID="Bac19" novelty="None" advantage="None"/></s>
        <s sid="136">As such, it is impossible to determine clearly whether the observed epigenetic changes were induced by carcinogens and play a causative role in neoplastic cell transformation or are merely a consequence of the formed lesions.<CoreSc1 atype="GSC" type="Mot" conceptID="Mot6" novelty="None" advantage="None"/></s>
        <s sid="137">In the present study, alterations in global DNA methylation status occurred in the absence of evident morphological changes in liver tissue, which demonstrates clearly that they are directly associated with the effects of tamoxifen and are not a consequence of the morphological lesions.<CoreSc1 atype="GSC" type="Con" conceptID="Con5" novelty="None" advantage="None"/></s>
      </p>
      <p xmlns:xhtml="http://www.w3.org/1999/xhtml" id="p-41">
        <s sid="138">Several possible explanations exist for the mechanism of DNA hypomethylation after exposure to tamoxifen.<CoreSc1 atype="GSC" type="Con" conceptID="Con6" novelty="None" advantage="None"/></s>
        <s sid="139">First, the formation of tamoxifen&#8211;DNA adducts may lead to hypomethylation of DNA.<CoreSc1 atype="GSC" type="Con" conceptID="Con7" novelty="None" advantage="None"/></s>
        <s sid="140">The major DNA adducts induced by tamoxifen, dG-Tam and dG-DesMeTam, take place at GC base pairs.<CoreSc1 atype="GSC" type="Bac" conceptID="Bac20" novelty="None" advantage="None"/></s>
        <s sid="141">The presence of these or other adducts may profoundly diminish the ability of DNA methyltransferases to methylate a target cytosine resulting in hypomethylation of DNA.<CoreSc1 atype="GSC" type="Con" conceptID="Con8" novelty="None" advantage="None"/></s>
        <s sid="142">Second, dG-Tam is a miscoding DNA adduct (<xref class="xref-bibr" href="#ref-46" rid="xref-ref-46-1">46</xref>&#8211;<xref class="xref-bibr" href="#ref-48" rid="xref-ref-48-1">48</xref>), that causes a variety of sequence alterations preferentially at GC base pairs (<xref class="xref-bibr" href="#ref-47" rid="xref-ref-47-1">47</xref>,<xref class="xref-bibr" href="#ref-48" rid="xref-ref-48-2">48</xref>), which could lead to a loss of either 5-methyldeoxycytosine or deoxyguanosine from CpG sites in DNA.<CoreSc1 atype="GSC" type="Bac" conceptID="Bac21" novelty="None" advantage="None"/><CoreSc2 atype="GSC" type="Con" conceptID="Con9" novelty="None" advantage="None"/></s>
        <s sid="143">dG-DesMeTam may have similar characteristics.<CoreSc1 atype="GSC" type="Con" conceptID="Con10" novelty="None" advantage="None"/></s>
        <s sid="144">Third, nucleotide excision repair, which plays a significant role in the removal of tamoxifen-induced DNA lesions, could also lead to genome-wide hypomethylation (<xref class="xref-bibr" href="#ref-48" rid="xref-ref-48-3">48</xref>,<xref class="xref-bibr" href="#ref-49" rid="xref-ref-49-1">49</xref>).<CoreSc1 atype="GSC" type="Con" conceptID="Con11" novelty="None" advantage="None"/></s>
        <s sid="145">Decreased expression of DNMT1, DNMT3a and DNMT3b DNA methyltransferases relative to DNA replication may further contribute to hypomethylation of DNA.<CoreSc1 atype="GSC" type="Con" conceptID="Con12" novelty="None" advantage="None"/></s>
        <s sid="146">Indeed, the results from the studies on partial or complete DNMT1 knockout cells or mice demonstrating that inadequate levels of DNMT1 cause genome-wide hypomethylation (<xref class="xref-bibr" href="#ref-50" rid="xref-ref-50-1">50</xref>) support this suggestion.<CoreSc1 atype="GSC" type="Con" conceptID="Con13" novelty="None" advantage="None"/></s>
      </p>
      <p xmlns:xhtml="http://www.w3.org/1999/xhtml" id="p-42">
        <s sid="147">Tamoxifen-induced hypomethylation of DNA was accompanied by progressive loss of histone H4K20me3 in liver tissues.<CoreSc1 atype="GSC" type="Res" conceptID="Res31" novelty="None" advantage="None"/></s>
        <s sid="148">Recently, it has been found that histone H4K20me3 is present through much of the genome but does not appear concentrated at any single area and trimethylation of histone H4K20 does not have any apparent role in the regulation of gene expression, instead it plays a crucial role in the DNA damage checkpoint control (<xref class="xref-bibr" href="#ref-51" rid="xref-ref-51-1">51</xref>).<CoreSc1 atype="GSC" type="Bac" conceptID="Bac22" novelty="None" advantage="None"/></s>
        <s sid="149">Loss of histone H4K20me3 compromises the ability of cells to maintain cell cycle arrest resulting in genomic and chromosomal instabilities in a variety of somatic cells and is associated with increased tumor risk (<xref class="xref-bibr" href="#ref-51" rid="xref-ref-51-2">51</xref>,<xref class="xref-bibr" href="#ref-52" rid="xref-ref-52-1">52</xref>).<CoreSc1 atype="GSC" type="Bac" conceptID="Bac23" novelty="None" advantage="None"/></s>
      </p>
      <p xmlns:xhtml="http://www.w3.org/1999/xhtml" id="p-43">
        <s sid="150">It has been suggested that exposure of cells to sustained stress environment results in emergence of epigenetically reprogrammed cells with specific tumor-related epigenetic alterations leading to succeeding mutations and malignant transformations (<xref class="xref-bibr" href="#ref-20" rid="xref-ref-20-3">20</xref>).<CoreSc1 atype="GSC" type="Bac" conceptID="Bac24" novelty="None" advantage="None"/></s>
        <s sid="151">The result of our study shows that chronic exposure to tamoxifen leads to global demethylation of the genome, diminished expression of DNA methyltransferases and compensatory increased DNA methyltransferase activity, sustained loss of histone H4K20me3 or, in other words, epigenetic reprogramming of the liver cells.<CoreSc1 atype="GSC" type="Con" conceptID="Con14" novelty="None" advantage="None"/></s>
        <s sid="152">This could result in permanent phenotypic changes in liver cells, subsequently leading to a genomic instability, variety of mutational effects and neoplasia.<CoreSc1 atype="GSC" type="Con" conceptID="Con15" novelty="None" advantage="None"/></s>
      </p>
      <p xmlns:xhtml="http://www.w3.org/1999/xhtml" id="p-44">
        <s sid="153">The results of the study provided evidence of the importance of epigenetic alterations in the etiology of tamoxifen-induced hepatocarcinogenesis.<CoreSc1 atype="GSC" type="Con" conceptID="Con16" novelty="None" advantage="None"/></s>
        <s sid="154">The early appearance of epigenetic changes in the absence of the evident morphological abnormalities confirms that these alterations are directly related to effect of tamoxifen and are not consequence of morphological changes.<CoreSc1 atype="GSC" type="Con" conceptID="Con17" novelty="None" advantage="None"/></s>
        <s sid="155">In addition, these results provide experimental support for epigenetic theories of carcinogenesis, specifically of the role of epigenetic reprogramming of the genome and emergence of tumor-related epigenetically altered cells as response to chronic carcinogenic insults.<CoreSc1 atype="GSC" type="Con" conceptID="Con18" novelty="None" advantage="None"/></s>
      </p>
      <p xmlns:xhtml="http://www.w3.org/1999/xhtml" id="p-45">
        <s sid="156">Conflict of Interest Statement: None declared.</s>
      </p>
    </SEC>
    <SEC>
      <TITLE>Footnotes</TITLE>
    </SEC>
    <SEC>
      <TITLE>References</TITLE>
    </SEC>
  </BODY>
</PAPER>