<PAPER>
  <mode2 name="16950798_arathi" hasDoc="yes" version="1258"/>
  <TITLE>
    <s sid="1">4-Monochlorobiphenyl (PCB3) induces mutations in the livers of transgenic Fisher 344 rats<CoreSc1 atype="GSC" type="Res" conceptID="Res1" novelty="None" advantage="None"/></s>
  </TITLE>
  <ABSTRACT>
    <p xmlns:xhtml="http://www.w3.org/1999/xhtml" id="p-1">
      <s sid="2">4-Monochlorobiphenyl (PCB3) is found in small amounts in commercial PCB mixtures, indoor and outdoor air, and in food.<CoreSc1 atype="GSC" type="Bac" conceptID="Bac1" novelty="None" advantage="None"/></s>
      <s sid="3">In contrast to highly chlorinated congeners that are more resistant to metabolic attack, PCB3 is more readily converted by xenobiotic-metabolizing enzymes to monohydroxy-PCBs and further to dihydroxy-metabolites, which can be oxidized to quinones.<CoreSc1 atype="GSC" type="Bac" conceptID="Bac2" novelty="None" advantage="None"/></s>
      <s sid="4">Our recent studies demonstrated the initiating action of PCB3 in the livers of male rats.<CoreSc1 atype="GSC" type="Bac" conceptID="Bac3" novelty="None" advantage="None"/></s>
      <s sid="5">Therefore we hypothesized that PCB3 and/or its metabolite(s) are mutagenic in rat livers in vivo.<CoreSc1 atype="GSC" type="Hyp" conceptID="Hyp1" novelty="None" advantage="None"/></s>
      <s sid="6">To investigate the mutagenicity and the types of mutations generated by PCB3, male Fischer 344 BigBlue&#174; rats, transgenic for the lacI gene, were injected intraperitoneally with PCB3 (600 &#956;mol/kg), 4-hydroxy-PCB3 (4-HO-PCB3, 400 &#956;mol/kg), 3-methylcholanthrene (3-MC, 300 &#956;mol/kg, positive control) and corn oil (negative control) once per week, for 4 weeks.<CoreSc1 atype="GSC" type="Goa" conceptID="Goa1" novelty="None" advantage="None"/><CoreSc2 atype="GSC" type="Exp" conceptID="Exp1" novelty="None" advantage="None"/></s>
      <s sid="7">Animals were killed 17 days after the last injection and the mutant frequency of the liver lacI gene determined.<CoreSc1 atype="GSC" type="Met" conceptID="Met1" novelty="None" advantage="None"/></s>
      <s sid="8">3-MC induced a 4-fold increase of the mutant frequency of the lacI gene in the liver.<CoreSc1 atype="GSC" type="Res" conceptID="Res2" novelty="None" advantage="None"/></s>
      <s sid="9">The mutant frequency in PCB3-treated animals was also significantly elevated.<CoreSc1 atype="GSC" type="Res" conceptID="Res3" novelty="None" advantage="None"/></s>
      <s sid="10">In contrast, 4-HO-PCB3 induced a non-significant doubling of the mutant frequency.<CoreSc1 atype="GSC" type="Res" conceptID="Res4" novelty="None" advantage="None"/></s>
      <s sid="11">The mutation spectrum of solvent control mutants was characterized by transitions, whereas in 3-MC-animals, transversion and frameshift mutations predominated.<CoreSc1 atype="GSC" type="Res" conceptID="Res5" novelty="None" advantage="None"/></s>
      <s sid="12">The PCB3-induced mutation spectrum was similar to that of the 3-MC-induced mutants.<CoreSc1 atype="GSC" type="Res" conceptID="Res6" novelty="None" advantage="None"/></s>
      <s sid="13">In contrast, the mutation spectrum of the 4-HO-PCB3 group hardly differed from that of the control animals.<CoreSc1 atype="GSC" type="Res" conceptID="Res7" novelty="None" advantage="None"/></s>
      <s sid="14">This study demonstrates for the first time the mutagenicity of a PCB in vivo.<CoreSc1 atype="GSC" type="Con" conceptID="Con1" novelty="None" advantage="None"/></s>
    </p>
  </ABSTRACT>
  <BODY>
    <SEC>
      <TITLE>Introduction</TITLE>
      <p xmlns:xhtml="http://www.w3.org/1999/xhtml" id="p-2">
        <s sid="15">Polychlorinated biphenyls (PCBs) were produced world wide from 1929 to the early 1980s.<CoreSc1 atype="GSC" type="Bac" conceptID="Bac4" novelty="None" advantage="None"/></s>
        <s sid="16">During this period, an estimated 2 million tons of commercial PCB mixtures were produced, of which about 0.2 million tons remain in mobile environmental reservoirs (<xref class="xref-bibr" href="#ref-1" rid="xref-ref-1-1">1</xref>).<CoreSc1 atype="GSC" type="Bac" conceptID="Bac5" novelty="None" advantage="None"/></s>
        <s sid="17">Despite the production ban and heavily restricted use, PCBs can still be found even in the most remote areas like polar regions and mountain lakes due to atmospheric transport and precipitation (<xref class="xref-bibr" href="#ref-2" rid="xref-ref-2-1">2</xref>&#8211;<xref class="xref-bibr" href="#ref-5" rid="xref-ref-5-1">5</xref>).<CoreSc1 atype="GSC" type="Bac" conceptID="Bac6" novelty="None" advantage="None"/></s>
        <s sid="18">Vaporization of PCBs from landfills (<xref class="xref-bibr" href="#ref-6" rid="xref-ref-6-1">6</xref>,<xref class="xref-bibr" href="#ref-7" rid="xref-ref-7-1">7</xref>), contaminated surface water (<xref class="xref-bibr" href="#ref-8" rid="xref-ref-8-1">8</xref>&#8211;<xref class="xref-bibr" href="#ref-10" rid="xref-ref-10-1">10</xref>) and construction material for public buildings (<xref class="xref-bibr" href="#ref-11" rid="xref-ref-11-1">11</xref>&#8211;<xref class="xref-bibr" href="#ref-15" rid="xref-ref-15-1">15</xref>) are main sources for outdoor and indoor air contamination.<CoreSc1 atype="GSC" type="Bac" conceptID="Bac7" novelty="None" advantage="None"/></s>
        <s sid="19">Human exposure to PCBs occurs to 90% via food; inhalation contributes the remaining 10% (<xref class="xref-bibr" href="#ref-1" rid="xref-ref-1-2">1</xref>).<CoreSc1 atype="GSC" type="Bac" conceptID="Bac8" novelty="None" advantage="None"/></s>
        <s sid="20">In some populations, however, inhalation exposure was found to be the major source for daily PCB uptake (<xref class="xref-bibr" href="#ref-16" rid="xref-ref-16-1">16</xref>).<CoreSc1 atype="GSC" type="Bac" conceptID="Bac9" novelty="None" advantage="None"/></s>
      </p>
      <p xmlns:xhtml="http://www.w3.org/1999/xhtml" id="p-3">
        <s sid="21">Commercial PCBs are mixtures of the 209 possible congeners, which differ in the number and position of chlorines bound to the biphenyl core.<CoreSc1 atype="GSC" type="Bac" conceptID="Bac10" novelty="None" advantage="None"/></s>
        <s sid="22">PCB congeners that accumulate in the food chain are mainly tetra- to hepta-chlorinated, are stored preferably in fatty tissues, and are only slowly metabolized.<CoreSc1 atype="GSC" type="Bac" conceptID="Bac11" novelty="None" advantage="None"/></s>
        <s sid="23">In contrast, airborne PCBs are lower chlorinated, and are susceptible to metabolic attack.<CoreSc1 atype="GSC" type="Bac" conceptID="Bac12" novelty="None" advantage="None"/></s>
        <s sid="24">They occur in commercial PCB mixtures (<xref class="xref-bibr" href="#ref-17" rid="xref-ref-17-1">17</xref>,<xref class="xref-bibr" href="#ref-18" rid="xref-ref-18-1">18</xref>), in the atmosphere (<xref class="xref-bibr" href="#ref-18" rid="xref-ref-18-2">18</xref>), especially in cities, in buildings, and near waste sites (<xref class="xref-bibr" href="#ref-19" rid="xref-ref-19-1">19</xref>).<CoreSc1 atype="GSC" type="Bac" conceptID="Bac13" novelty="None" advantage="None"/></s>
        <s sid="25">They can also be found in food, however in a lower proportion and more likely in/on food items like vegetables, possibly through air deposition, in vegetable oils and in dairy products (<xref class="xref-bibr" href="#ref-20" rid="xref-ref-20-1">20</xref>,<xref class="xref-bibr" href="#ref-21" rid="xref-ref-21-1">21</xref>).<CoreSc1 atype="GSC" type="Bac" conceptID="Bac14" novelty="None" advantage="None"/></s>
        <s sid="26">Congener-specific analysis of indoor air in houses built on soil contaminated with Aroclor 1260, one of the highest chlorinated commercial PCB mixtures, showed that the congeners measured in indoor air were mostly 4-monochlorobiphenyl (PCB3, <xref class="xref-fig" href="#F1" rid="xref-fig-1-1">Figure 1</xref>) and 2-monochlorobiphenyl (PCB1) (<xref class="xref-bibr" href="#ref-22" rid="xref-ref-22-1">22</xref>).<CoreSc1 atype="GSC" type="Bac" conceptID="Bac15" novelty="None" advantage="None"/></s>
      </p>
      <p xmlns:xhtml="http://www.w3.org/1999/xhtml" id="p-5">
        <s sid="27">PCBs have repeatedly been shown to be complete carcinogens in rodents (<xref class="xref-bibr" href="#ref-23" rid="xref-ref-23-1">23</xref>,<xref class="xref-bibr" href="#ref-24" rid="xref-ref-24-1">24</xref>).<CoreSc1 atype="GSC" type="Bac" conceptID="Bac16" novelty="None" advantage="None"/></s>
        <s sid="28">In addition, commercial PCB mixtures as well as individual congeners have tumor promoting activity in two stage hepatocarcinogenesis assays (<xref class="xref-bibr" href="#ref-25" rid="xref-ref-25-1">25</xref>&#8211;<xref class="xref-bibr" href="#ref-27" rid="xref-ref-27-1">27</xref>).<CoreSc1 atype="GSC" type="Bac" conceptID="Bac17" novelty="None" advantage="None"/></s>
        <s sid="29">Generally, those PCB congeners that induce cytochrome P-450 dependent monooxygenases (CYPs) in the liver, e.g. PCB77, PCB126 and PCB153, are efficacious as hepatic tumor promoters (<xref class="xref-bibr" href="#ref-28" rid="xref-ref-28-1">28</xref>&#8211;<xref class="xref-bibr" href="#ref-30" rid="xref-ref-30-1">30</xref>).<CoreSc1 atype="GSC" type="Bac" conceptID="Bac18" novelty="None" advantage="None"/></s>
        <s sid="30">PCBs were reported to have no or only little genotoxic activity in most in vitro genotoxicity tests (<xref class="xref-bibr" href="#ref-24" rid="xref-ref-24-2">24</xref>,<xref class="xref-bibr" href="#ref-31" rid="xref-ref-31-1">31</xref>) and their potential as cancer initiators was therefore questioned.<CoreSc1 atype="GSC" type="Bac" conceptID="Bac19" novelty="None" advantage="None"/></s>
        <s sid="31">Recently, however, evidence for tumor initiating activity of PCB3 and other lower chlorinated PCBs that can be metabolically activated (PCB15, PCB52 and PCB77) was provided using a modified Solt-Farber protocol in male Fischer 344 rats (<xref class="xref-bibr" href="#ref-32" rid="xref-ref-32-1">32</xref>,<xref class="xref-bibr" href="#ref-33" rid="xref-ref-33-1">33</xref>).<CoreSc1 atype="GSC" type="Met" conceptID="Met2" novelty="None" advantage="None"/></s>
        <s sid="32">Thus PCB mixtures could be complete carcinogens due to the initiating activity of their lower chlorinated congeners and the promoting activity of the higher chlorinated congeners.<CoreSc1 atype="GSC" type="Bac" conceptID="Bac20" novelty="None" advantage="None"/></s>
      </p>
      <p xmlns:xhtml="http://www.w3.org/1999/xhtml" id="p-6">
        <s sid="33">PCB3 is a substrate for hepatic CYPs and can be activated to electrophiles, namely arene oxides and quinones (<xref class="xref-bibr" href="#ref-34" rid="xref-ref-34-1">34</xref>).<CoreSc1 atype="GSC" type="Obj" conceptID="Obj1" novelty="None" advantage="None"/></s>
        <s sid="34">These reactive metabolites can bind to cellular nucleophiles like glutathione and macromolecules like DNA, RNA, protein and hemoglobin (<xref class="xref-bibr" href="#ref-35" rid="xref-ref-35-1">35</xref>&#8211;<xref class="xref-bibr" href="#ref-38" rid="xref-ref-38-1">38</xref>).<CoreSc1 atype="GSC" type="Bac" conceptID="Bac21" novelty="None" advantage="None"/></s>
        <s sid="35">The generation of reactive oxygen species during oxidative metabolism as well as the resulting formation of 8-oxo-deoxyguanosine and DNA strand breaks have been demonstrated in vitro (<xref class="xref-bibr" href="#ref-39" rid="xref-ref-39-1">39</xref>&#8211;<xref class="xref-bibr" href="#ref-41" rid="xref-ref-41-1">41</xref>).<CoreSc1 atype="GSC" type="Bac" conceptID="Bac22" novelty="None" advantage="None"/></s>
        <s sid="36">However, the question whether PCB3 or one of its metabolites is mutagenic in vivo was still unanswered.<CoreSc1 atype="GSC" type="Mot" conceptID="Mot1" novelty="None" advantage="None"/></s>
        <s sid="37">Therefore, we investigated the mutagenicity of PCB3 in the livers of transgenic male Fischer 344 (BigBlue&#174;) rats which contain 30&#8211;40 copies of the bacterial lacI gene in every cell as a mutable target sequence.<CoreSc1 atype="GSC" type="Obj" conceptID="Obj2" novelty="None" advantage="None"/></s>
        <s sid="38">Animals were treated with corn oil (negative control), the mutagen 3-methylcholanthrene (3-MC, positive control), PCB3, or its main metabolite 4-hydroxy-PCB3 (4-HO-PCB3) (<xref class="xref-bibr" href="#ref-34" rid="xref-ref-34-2">34</xref>).<CoreSc1 atype="GSC" type="Met" conceptID="Met3" novelty="None" advantage="None"/></s>
        <s sid="39">Mutated lacI sequences were detected after transfection into Escherichia coli based on a blue plaque phenotype using 5-bromo-4-chloro-3-indolyl-&#946;-<span class="sc">d</span>-galactopyranoside (X-gal), and the type of mutational event was determined by sequence analysis of the lacI gene.<CoreSc1 atype="GSC" type="Met" conceptID="Met4" novelty="None" advantage="None"/></s>
        <s sid="40">PCB3 as well as the mutagen 3-MC induced a significant increase in mutant frequency in the liver of BigBlue&#174; rats, thus demonstrating for the first time the mutagenicity of PCB3 in vivo.<CoreSc1 atype="GSC" type="Res" conceptID="Res8" novelty="None" advantage="None"/></s>
      </p>
    </SEC>
    <SEC>
      <TITLE>Materials and methods</TITLE>
      <h3 xmlns:xhtml="http://www.w3.org/1999/xhtml">Chemical substances</h3>
      <p xmlns:xhtml="http://www.w3.org/1999/xhtml" id="p-7">
        <s sid="41">PCB3 and its hydroxylated metabolite 4-OH-PCB3 (<xref class="xref-bibr" href="#ref-42" rid="xref-ref-42-1">42</xref>) were synthesized, purified and characterized as described (<xref class="xref-bibr" href="#ref-32" rid="xref-ref-32-2">32</xref>).<CoreSc1 atype="GSC" type="Met" conceptID="Met5" novelty="None" advantage="None"/></s>
        <s sid="42">3-MC was purchased from Sigma (Cat # M-6501; St. Louis, MO) and X-gal from Research Products International (Prospect, IL).<CoreSc1 atype="GSC" type="Exp" conceptID="Exp2" novelty="None" advantage="None"/></s>
        <s sid="43">DNA isolation and transpackaging kits were obtained from Stratagene (La Jolla, CA).<CoreSc1 atype="GSC" type="Exp" conceptID="Exp3" novelty="None" advantage="None"/></s>
        <s sid="44">All other reagents, media and media supplements were from Fischer Scientific (Pittsburgh, PA), if not stated otherwise.<CoreSc1 atype="GSC" type="Exp" conceptID="Exp4" novelty="None" advantage="None"/></s>
      </p>
      <h3 xmlns:xhtml="http://www.w3.org/1999/xhtml">Animals and treatment protocol</h3>
      <p xmlns:xhtml="http://www.w3.org/1999/xhtml" id="p-8">
        <s sid="45">Sixteen male Fisher 344 BigBlue&#174; rats, homozygous for lacI transgene, were purchased from Stratagene (La Jolla, CA) and obtained from the breeder, Taconic Laboratories, Germantown, NY) at postnatal day (PND) 30.<CoreSc1 atype="GSC" type="Exp" conceptID="Exp5" novelty="None" advantage="None"/></s>
        <s sid="46">The animals were kept on a 12 h light/dark cycle and were provided with a standard 7013-NIH-13 Modified Open Formula Rat diet and water ad libitum.<CoreSc1 atype="GSC" type="Exp" conceptID="Exp6" novelty="None" advantage="None"/></s>
        <s sid="47">After one week of acclimatization animals were weighed and distributed at random into four groups with four animals each.<CoreSc1 atype="GSC" type="Exp" conceptID="Exp7" novelty="None" advantage="None"/></s>
        <s sid="48">Each animal received one weekly i.p. injection on PND 37, 44, 51 and 58 of either 298 &#956;mol (80 mg)/kg bodyweight (BW) 3-MC (positive control), 600 &#956;mol (113 mg)/kg BW PCB3, 400 &#956;mol (82 mg)/kg BW 4-HO-PCB3 in corn oil or 5 ml/kg BW corn oil alone (negative control).<CoreSc1 atype="GSC" type="Exp" conceptID="Exp8" novelty="None" advantage="None"/></s>
        <s sid="49">The doses of the PCB and metabolites were selected based on previous studies (<xref class="xref-bibr" href="#ref-32" rid="xref-ref-32-3">32</xref>,<xref class="xref-bibr" href="#ref-33" rid="xref-ref-33-2">33</xref>).<CoreSc1 atype="GSC" type="Exp" conceptID="Exp9" novelty="None" advantage="None"/></s>
        <s sid="50">Throughout the treatment period animals were monitored daily for well being and weighed twice per week.<CoreSc1 atype="GSC" type="Exp" conceptID="Exp10" novelty="None" advantage="None"/></s>
        <s sid="51">Seventeen days after the last injection (PND 75), all animals were euthanized by CO<sub>2</sub> asphyxiation followed by cervical dislocation.<CoreSc1 atype="GSC" type="Exp" conceptID="Exp11" novelty="None" advantage="None"/></s>
        <s sid="52">The livers were immediately removed and weighed.<CoreSc1 atype="GSC" type="Exp" conceptID="Exp12" novelty="None" advantage="None"/></s>
        <s sid="53">Small tissue samples were quickly excised from the central part of the large lobe of the liver and these samples and the remaining liver were snap frozen in liquid nitrogen and stored at &#8722;80&#176;C until use for analysis of lacI mutation frequencies and mutant analysis as described below.<CoreSc1 atype="GSC" type="Exp" conceptID="Exp13" novelty="None" advantage="None"/></s>
        <s sid="54">Parts of the remaining liver were used to prepare slides for histological analysis.<CoreSc1 atype="GSC" type="Exp" conceptID="Exp14" novelty="None" advantage="None"/></s>
        <s sid="55">Four micron sections were prepared, placed on glass slides and stained with conventional hematoxylin and eosin stains.<CoreSc1 atype="GSC" type="Exp" conceptID="Exp15" novelty="None" advantage="None"/></s>
        <s sid="56">Slides were then examined using an Olympus BX40 light microscope.<CoreSc1 atype="GSC" type="Exp" conceptID="Exp16" novelty="None" advantage="None"/></s>
        <s sid="57">All experiments were conducted with the approval of the University of Iowa Institutional Animal Care and Use Committee.<CoreSc1 atype="GSC" type="Exp" conceptID="Exp17" novelty="None" advantage="None"/></s>
      </p>
      <h3 xmlns:xhtml="http://www.w3.org/1999/xhtml">DNA extraction and packaging</h3>
      <p xmlns:xhtml="http://www.w3.org/1999/xhtml" id="p-9">
        <s sid="58">DNA extraction, packaging and plating for lacI mutant plaque detection were carried out in a blocked manner (i.e. one animal from each group per cycle) to avoid bias from day-to-day variations following the BigBlue&#174; assay procedure according to the manufacturer's instructions (Stratagene).<CoreSc1 atype="GSC" type="Met" conceptID="Met6" novelty="None" advantage="None"/></s>
        <s sid="59">Genomic DNA was extracted from the livers using the BigBlue&#174; RecoverEase DNA isolation kit according to the manufacturer's instruction manual.<CoreSc1 atype="GSC" type="Exp" conceptID="Exp18" novelty="None" advantage="None"/></s>
        <s sid="60">Briefly, 50 mg of liver tissue were homogenized with a Dounce homogenizer at 4&#176;C, and nuclei were pelleted by centrifugation for 10 min at 1100&#215; g.<CoreSc1 atype="GSC" type="Exp" conceptID="Exp19" novelty="None" advantage="None"/></s>
        <s sid="61">RNA and proteins in the pellet were digested with RNase and Proteinase K, and the genomic DNA was purified by dialysis in TE buffer for 48 h.<CoreSc1 atype="GSC" type="Exp" conceptID="Exp20" novelty="None" advantage="None"/></s>
      </p>
      <p xmlns:xhtml="http://www.w3.org/1999/xhtml" id="p-10">
        <s sid="62">For recovery of the lambda transgenic shuttle vector containing the lacI target, i.e. excision of the lambda vector and packaging into a lambda head, the Lambda Phage Transpack&#174; packaging kit (Stratagene) was used with 10 &#956;l of genomic DNA per reaction as described in the manual.<CoreSc1 atype="GSC" type="Exp" conceptID="Exp21" novelty="None" advantage="None"/></s>
        <s sid="63">The mixture, now containing the lacI transgene packaged into infectious phages (packaged lacI), was diluted to 1 ml with SM buffer [100 mM NaCl, 8 mM MgSO<sub>4</sub>, 50 mM Tris&#8211;HCl and 0.004% (w/v) gelatin], and stabilized by addition of 50 &#956;l chloroform.<CoreSc1 atype="GSC" type="Exp" conceptID="Exp22" novelty="None" advantage="None"/></s>
        <s sid="64">Packaging efficiency was checked by infecting E.coli bacteria, strain SCS-8 (2 ml SCS-8 suspension, OD = 0.5) with 1 &#956;l packaged lacI extract and plating the suspension with 3 ml top agarose onto 100 mm NZY-agar plates.<CoreSc1 atype="GSC" type="Exp" conceptID="Exp23" novelty="None" advantage="None"/></s>
        <s sid="65">Infected bacteria result in plaques in the bacterial lawn.<CoreSc1 atype="GSC" type="Exp" conceptID="Exp24" novelty="None" advantage="None"/></s>
      </p>
      <h3 xmlns:xhtml="http://www.w3.org/1999/xhtml">Determination of lacI mutant frequency</h3>
      <p xmlns:xhtml="http://www.w3.org/1999/xhtml" id="p-11">
        <s sid="66">For determination of the lacI mutant frequency, a volume of phage extract equivalent to &#8764;12 500 plaque forming units (pfu) was mixed with 2 ml SCS-8 suspension (OD = 0.5) and incubated at 37&#176;C for 15 min.<CoreSc1 atype="GSC" type="Exp" conceptID="Exp25" novelty="None" advantage="None"/></s>
        <s sid="67">A total of 50 &#956;l of each 2 ml SCS-8/phages suspension were added to 2 ml fresh SCS-8 suspension and mixed with 35 ml top agarose (titer trays).<CoreSc1 atype="GSC" type="Exp" conceptID="Exp26" novelty="None" advantage="None"/></s>
        <s sid="68">The rest of the 2 ml SCS-8/phage suspension was mixed with 35 ml top agarose containing 1.5 mg/ml of X-gal.<CoreSc1 atype="GSC" type="Exp" conceptID="Exp27" novelty="None" advantage="None"/></s>
        <s sid="69">Top agarose containing infected and non-infected SCS-8 was poured onto 500 mm<sup>2</sup> assay trays (Corning, Acton, MA) containing NZY-bottom agar (assay trays).<CoreSc1 atype="GSC" type="Exp" conceptID="Exp28" novelty="None" advantage="None"/></s>
        <s sid="70">The trays were vented for 30 min before incubation at 37&#176;C for 20 h and scoring.<CoreSc1 atype="GSC" type="Exp" conceptID="Exp29" novelty="None" advantage="None"/></s>
        <s sid="71">Packaging and plating were repeated until 95 000&#8211;339 000 pfu were scored for each DNA sample.<CoreSc1 atype="GSC" type="Exp" conceptID="Exp30" novelty="None" advantage="None"/></s>
      </p>
      <p xmlns:xhtml="http://www.w3.org/1999/xhtml" id="p-12">
        <s sid="72">Titer trays were scored for pfu and assay trays were inspected for blue plaques.<CoreSc1 atype="GSC" type="Exp" conceptID="Exp31" novelty="None" advantage="None"/></s>
        <s sid="73">To confirm the mutant phenotype, and for use in DNA sequence analysis, all putative mutants from the 500 mm<sup>2</sup> assay trays were picked, diluted 1:100 with SM buffer and replated on 100 mm diameter plates with 3.5 ml of top agarose containing 1.5 mg/ml of X-gal.<CoreSc1 atype="GSC" type="Exp" conceptID="Exp32" novelty="None" advantage="None"/></s>
        <s sid="74">The lacI mutant frequency was calculated by dividing the number of verified mutant plaques by the total number of plaques analyzed and presented as number of mutants &#177; standard error per 10<sup>6</sup> pfu.<CoreSc1 atype="GSC" type="Met" conceptID="Met7" novelty="None" advantage="None"/></s>
      </p>
      <h3 xmlns:xhtml="http://www.w3.org/1999/xhtml">Sequence analysis of lacI mutants</h3>
      <p xmlns:xhtml="http://www.w3.org/1999/xhtml" id="p-13">
        <s sid="75">The lac I genes of verified mutants were PCR amplified using the following primers (named according to the manufacturer's instruction manual) and amplification conditions: 5&#8242;-GTATTACCGCCATGCATACTAG-3&#8242; (forward PCR primer), 5&#8242;-CGTAATCATGGTCATAGCTG-3&#8242; (reverse PCR primer), 30 amplification cycles at 94&#176;C for 30 s, 53&#176;C for 50 s and 72&#176;C for 60 s.<CoreSc1 atype="GSC" type="Exp" conceptID="Exp33" novelty="None" advantage="None"/></s>
        <s sid="76">Aliquots of the PCR products were characterized by agarose gel electrophoresis (1% in TAE buffer, 5 V/cm).<CoreSc1 atype="GSC" type="Exp" conceptID="Exp34" novelty="None" advantage="None"/></s>
        <s sid="77">Then, PCR products were purified using QiaQuick columns (Qiagen, Valencia, CA) and quantified by their OD at 260 nm.<CoreSc1 atype="GSC" type="Exp" conceptID="Exp35" novelty="None" advantage="None"/></s>
        <s sid="78">A total of 60 ng of this purified DNA were used per reaction to sequence the entire lacI gene (1083 bp) in both directions using the forward PCR primer, reverse PCR primer, primer #5 (5&#8242;-TCTGGTCGCATTGGGTC-3&#8242;) and primer #12 (5&#8242;-AGAACTTAATGGGCCCG-3&#8242;) and a dye terminator cycle sequencing kit (Applied Biosystems, Foster City, CA) according to the manufacturer's instructions.<CoreSc1 atype="GSC" type="Exp" conceptID="Exp36" novelty="None" advantage="None"/></s>
        <s sid="79">The sequencing products were analyzed on an Applied Biosystems automated capillary DNA sequencer Model 3700 following the procedure outlined by Applied Biosystems.<CoreSc1 atype="GSC" type="Exp" conceptID="Exp37" novelty="None" advantage="None"/></s>
        <s sid="80">All alterations in DNA sequence were verified at least once.<CoreSc1 atype="GSC" type="Exp" conceptID="Exp38" novelty="None" advantage="None"/></s>
        <s sid="81">The same mutation at the same locus in DNA extracted from the same animal may be due to the same event and was therefore counted only once for the calculation of the mutation frequency, which is the number of independent mutations (different locus and/or different type as verified by sequence analysis) per total number of plaques analyzed and presented as number of mutations &#177; standard error per 10<sup>6</sup> pfu.<CoreSc1 atype="GSC" type="Met" conceptID="Met8" novelty="None" advantage="None"/></s>
      </p>
      <h3 xmlns:xhtml="http://www.w3.org/1999/xhtml">Statistical analysis</h3>
      <p xmlns:xhtml="http://www.w3.org/1999/xhtml" id="p-14">
        <s sid="82">Gains of body weight were analyzed by Student's t-test.<CoreSc1 atype="GSC" type="Met" conceptID="Met9" novelty="None" advantage="None"/></s>
        <s sid="83">The lacI mutant frequencies and the frequencies of recovered mutations were analyzed by one-way ANOVA and Chi-square.<CoreSc1 atype="GSC" type="Met" conceptID="Met10" novelty="None" advantage="None"/></s>
        <s sid="84">Data are presented as means &#177; standard error (P &lt; 0.05).<CoreSc1 atype="GSC" type="Met" conceptID="Met11" novelty="None" advantage="None"/></s>
        <s sid="85">Chi-square test and the statistical test described by (<xref class="xref-bibr" href="#ref-43" rid="xref-ref-43-1">43</xref>) using the classes &#8216;transition&#8217;, &#8216;transversion&#8217; and &#8216;frameshift&#8217; were used to analyze the lacI mutation profiles of the four treatment groups.<CoreSc1 atype="GSC" type="Met" conceptID="Met12" novelty="None" advantage="None"/></s>
      </p>
    </SEC>
    <SEC>
      <TITLE>Results</TITLE>
      <p xmlns:xhtml="http://www.w3.org/1999/xhtml" id="p-15">
        <s sid="86">The objective of the present study was to clarify whether PCB3 and/or its monohydroxylated metabolite 4-HO-PCB3 are mutagenic at the lacI gene locus in the liver of transgenic male Fischer 344 BigBlue&#174; rats.<CoreSc1 atype="GSC" type="Goa" conceptID="Goa2" novelty="None" advantage="None"/></s>
        <s sid="87">The established mutagen 3-MC (<xref class="xref-fig" href="#F1" rid="xref-fig-1-2">Figure 1</xref>) was used as a positive control throughout this study.<CoreSc1 atype="GSC" type="Exp" conceptID="Exp39" novelty="None" advantage="None"/></s>
      </p>
      <h3 xmlns:xhtml="http://www.w3.org/1999/xhtml">Development of animal and liver weight</h3>
      <p xmlns:xhtml="http://www.w3.org/1999/xhtml" id="p-16">
        <s sid="88">The bodyweights of male BigBlue&#174; rats administered corn oil (negative control group), 3-MC, PCB3 or 4-HO-PCB3 were monitored from 2 days before the first injection (PND 35) until euthanization at PND 75.<CoreSc1 atype="GSC" type="Exp" conceptID="Exp40" novelty="None" advantage="None"/></s>
        <s sid="89">At PND 35, bodyweights of all treatment groups were similar (average 71.5 &#177; 4.32 g).<CoreSc1 atype="GSC" type="Obs" conceptID="Obs1" novelty="None" advantage="None"/></s>
        <s sid="90">Bodyweights as well as gains of bodyweight did not differ significantly during the first 30 experimental days (<xref class="xref-fig" href="#F2" rid="xref-fig-2-1">Figure 2</xref>).<CoreSc1 atype="GSC" type="Res" conceptID="Res9" novelty="None" advantage="None"/></s>
        <s sid="91">However, at PND 65 and 75, the gain of bodyweight of animals treated with 3-MC were significantly reduced compared to the other treatment groups (<xref class="xref-fig" href="#F2" rid="xref-fig-2-2">Figure 2</xref>).<CoreSc1 atype="GSC" type="Res" conceptID="Res10" novelty="None" advantage="None"/></s>
        <s sid="92">In contrast, liver weights of all treatment groups (corn oil, 3-MC, PCB3 and 4-HO-PCB3) did not differ significantly at PND 75 (4.3 &#177; 0.37/100 g BW, 4.7 &#177; 0.64/100 g BW, 4.3 &#177; 0.26/100 g BW and 4.5 &#177; 0.33/100 g BW, respectively.<CoreSc1 atype="GSC" type="Res" conceptID="Res11" novelty="None" advantage="None"/></s>
      </p>
      <h3 xmlns:xhtml="http://www.w3.org/1999/xhtml">Liver histology</h3>
      <p xmlns:xhtml="http://www.w3.org/1999/xhtml" id="p-18">
        <s sid="93">Liver samples were analyzed microscopically.<CoreSc1 atype="GSC" type="Met" conceptID="Met13" novelty="None" advantage="None"/></s>
        <s sid="94">Control animals had normal liver architecture, one with rare lymphoid aggregates in the parenchyma.<CoreSc1 atype="GSC" type="Obs" conceptID="Obs2" novelty="None" advantage="None"/></s>
        <s sid="95">PCB3-treated animals had only very minimal changes with or without small clusters of parenchymal lymphocytes and rare acidophil bodies.<CoreSc1 atype="GSC" type="Obs" conceptID="Obs3" novelty="None" advantage="None"/></s>
        <s sid="96">Animals that had received 4-HO-PCB3 showed dilated sinusoid and rare acidophil bodies.<CoreSc1 atype="GSC" type="Obs" conceptID="Obs4" novelty="None" advantage="None"/></s>
        <s sid="97">Three of four animals had signs of minimal portal tract inflammation.<CoreSc1 atype="GSC" type="Obs" conceptID="Obs5" novelty="None" advantage="None"/></s>
        <s sid="98">3-MC-treated animals had mild to severe centrilobular necrosis with various degrees of lymphocytes and neutrophiles in the necrotic areas.<CoreSc1 atype="GSC" type="Obs" conceptID="Obs6" novelty="None" advantage="None"/></s>
        <s sid="99">The portal tracts were unaffected.<CoreSc1 atype="GSC" type="Obs" conceptID="Obs7" novelty="None" advantage="None"/></s>
      </p>
      <h3 xmlns:xhtml="http://www.w3.org/1999/xhtml">LacI mutant frequency in the livers of BigBlue&#174; rats</h3>
      <p xmlns:xhtml="http://www.w3.org/1999/xhtml" id="p-19">
        <s sid="100">Liver lacI mutant frequencies for BigBlue&#174; rats exposed to corn oil (negative control), 3-MC (positive control), PCB3 and 4-HO-PCB3 were measured 17 days following the last injection (PND 75).<CoreSc1 atype="GSC" type="Exp" conceptID="Exp41" novelty="None" advantage="None"/></s>
        <s sid="101">For control animals, the mutant frequency was 17 &#177; 4 &#215; 10<sup>&#8722;6</sup> pfu (<xref class="xref-fig" href="#F3" rid="xref-fig-3-1">Figure 3</xref> and Supplementary Table 1).<CoreSc1 atype="GSC" type="Res" conceptID="Res12" novelty="None" advantage="None"/></s>
        <s sid="102">Treatment with 3-MC induced a mutant frequency of 88 &#177; 15 &#215; 10<sup>&#8722;6</sup> pfu, approximately a 5-fold increase over the untreated control (P = 0.004).<CoreSc1 atype="GSC" type="Res" conceptID="Res13" novelty="None" advantage="None"/></s>
        <s sid="103">The mutant frequency in the liver of rats treated with PCB3 was 48 &#177; 4 &#215; 10<sup>&#8722;6</sup> pfu (P = 0.001).<CoreSc1 atype="GSC" type="Res" conceptID="Res14" novelty="None" advantage="None"/></s>
        <s sid="104">Although, elevated more than 2-fold, the mutant frequency for rats administered 4-HO-PCB3 (40 &#177; 12 &#215; 10<sup>&#8722;6</sup> pfu) was not significantly different from that of the control rats (P = 0.115) using ANOVA for analysis due to the very high variation within this group.<CoreSc1 atype="GSC" type="Res" conceptID="Res15" novelty="None" advantage="None"/><CoreSc2 atype="GSC" type="Met" conceptID="Met14" novelty="None" advantage="None"/></s>
        <s sid="105">When the Chi-square test was applied, the significance of 3-MC and PCB3 was confirmed and 4-HO-PCB3 was significant as well (P &lt; 0.05).<CoreSc1 atype="GSC" type="Res" conceptID="Res16" novelty="None" advantage="None"/></s>
      </p>
      <h3 xmlns:xhtml="http://www.w3.org/1999/xhtml">Sequence analysis of lacI mutants</h3>
      <p xmlns:xhtml="http://www.w3.org/1999/xhtml" id="p-21">
        <s sid="106">Sequence analysis of mutants provides information about the kind of mutation induced spontaneously or by treatment with test compounds.<CoreSc1 atype="GSC" type="Bac" conceptID="Bac23" novelty="None" advantage="None"/></s>
        <s sid="107">Sixteen of the 17 mutants (95%) from the vehicle-treated rats (Supplementary Table II), 47 of 56 (85%) from the 3-MC-treated rats (Supplementary Table III), 24 of 29 (84%) of the mutants from rats treated with PCB3 (Supplementary Tables IV) and 29 of 34 (83%) of those from rats treated with 4-HO-PCB3 (Supplementary Table V) provided lacI sequences that were complete, readable, and contained a mutation.<CoreSc1 atype="GSC" type="Res" conceptID="Res17" novelty="None" advantage="None"/></s>
        <s sid="108">In some instances the same mutation (location in the sequence and type of mutation) was identified in several plaques from the same animal.<CoreSc1 atype="GSC" type="Obs" conceptID="Obs8" novelty="None" advantage="None"/></s>
        <s sid="109">In this case a conservative approach was used by assuming that these mutations were siblings and represent a single in vivo mutational event.<CoreSc1 atype="GSC" type="Met" conceptID="Met15" novelty="None" advantage="None"/></s>
        <s sid="110">As a result a total number of 16, 44, 23 and 27 independent mutations from the corn oil treated control, 3-MC-, PCB3- and 4-HO-PCB3-treated groups, respectively, were identified, as listed in Supplementary Tables II&#8211;V and summarized in <xref class="xref-table" href="#T1" rid="xref-table-wrap-1-1">Table I</xref>.<CoreSc1 atype="GSC" type="Res" conceptID="Res18" novelty="None" advantage="None"/></s>
        <s sid="111">A calculation of the frequency for these recovered, sequenced, independent mutations gave 16 &#177; 4, 67 &#177; 13, 38 &#177; 7 and 30 &#177; 9 per 10<sup>6</sup> pfu for animals treated with corn oil, 3-MC, PCB3 and 4-HO-PCB3, respectively.<CoreSc1 atype="GSC" type="Res" conceptID="Res19" novelty="None" advantage="None"/></s>
        <s sid="112">The significance level compared to corn oil control for 3-MC, PCB3 and 4-HO-PCB3 was P = 0.01, P = 0.03 and P = 0.18 using ANOVA and P &lt; 0.001, P &lt; 0.05 and not significant, respectively, when the Chi-square test was used.<CoreSc1 atype="GSC" type="Res" conceptID="Res20" novelty="None" advantage="None"/></s>
        <s sid="113">It should be noted that this is a very conservative approach, but even so, the frequencies of recovered mutations of the 3-MC and PCB3 group were significantly elevated compared to the control group thus confirming the results obtained with the less stringent mutant frequencies.<CoreSc1 atype="GSC" type="Res" conceptID="Res21" novelty="None" advantage="None"/></s>
      </p>
      <p xmlns:xhtml="http://www.w3.org/1999/xhtml" id="p-24">
        <s sid="114">Simple base pair substitutions comprised most of the mutations recovered: 13/16 (81%) from untreated animals, 32/44 (73%) from 3-MC-treated, 17/23 (74%) from PCB3-treated and 21/27 (78%) from 4-HO-PCB3-treated rats (<xref class="xref-table" href="#T1" rid="xref-table-wrap-1-2">Table I</xref>).<CoreSc1 atype="GSC" type="Res" conceptID="Res22" novelty="None" advantage="None"/></s>
        <s sid="115">Most of these mutations in untreated (69%), 3-MC-treated (59%), PCB3-treated (53%) and 4-HO-PCB3-treated (62%) rats were found within the first 400 bp.<CoreSc1 atype="GSC" type="Res" conceptID="Res23" novelty="None" advantage="None"/></s>
        <s sid="116">Substitutions at G:C accounted for 75% of the control, 64% of the 3-MC-induced mutations, 61% of he PCB3 and 67% of the 4-HO-PCB3-induced mutations (<xref class="xref-table" href="#T1" rid="xref-table-wrap-1-3">Table I</xref> and supplementary Tables II&#8211;V).<CoreSc1 atype="GSC" type="Res" conceptID="Res24" novelty="None" advantage="None"/></s>
      </p>
      <h3 xmlns:xhtml="http://www.w3.org/1999/xhtml">Characterists of lacI mutations in the different treatment groups</h3>
      <p xmlns:xhtml="http://www.w3.org/1999/xhtml" id="p-25">
        <s sid="117">The most frequent type of mutation in the negative control group was G:C&#8594;A:T transition (9/16; 56%), with 22% of these occurring at CpG sites.<CoreSc1 atype="GSC" type="Res" conceptID="Res25" novelty="None" advantage="None"/></s>
        <s sid="118">Also 2 G:C&#8594;C:G transversion (13%), 1 A:T&#8594;G:C transition (6%) and 1 G:C&#8594;A:T transversion (6%) mutations were recovered from this group.<CoreSc1 atype="GSC" type="Res" conceptID="Res26" novelty="None" advantage="None"/></s>
        <s sid="119">No A:T&#8594;C:G or A:T&#8594;T:A transversions were detected in this group.<CoreSc1 atype="GSC" type="Obs" conceptID="Obs9" novelty="None" advantage="None"/></s>
        <s sid="120">In addition to base pair substitutions, 1 and 2 of the 16 total mutations from the control group were deletions or insertions, respectively, leading to frameshift mutations (19% of the total mutations; <xref class="xref-table" href="#T1" rid="xref-table-wrap-1-4">Table I</xref> and Supplementary Table II).<CoreSc1 atype="GSC" type="Obs" conceptID="Obs10" novelty="None" advantage="None"/></s>
      </p>
      <p xmlns:xhtml="http://www.w3.org/1999/xhtml" id="p-26">
        <s sid="121">Forty-four different mutation sites were discovered in mutants from 3-MC-treated animals.<CoreSc1 atype="GSC" type="Obs" conceptID="Obs11" novelty="None" advantage="None"/></s>
        <s sid="122">One mutation was recovered three times and another one twice from the same animal, leaving 44 independent mutations.<CoreSc1 atype="GSC" type="Obs" conceptID="Obs12" novelty="None" advantage="None"/></s>
        <s sid="123">The predominant mutation types were G:C&#8594;T:A transversions and G:C&#8594;A:T transition mutations (27% each).<CoreSc1 atype="GSC" type="Res" conceptID="Res27" novelty="None" advantage="None"/></s>
        <s sid="124">Seven of the 12 transition mutations (58%) occurred at a CpG site.<CoreSc1 atype="GSC" type="Res" conceptID="Res28" novelty="None" advantage="None"/></s>
        <s sid="125">In addition, there were seven single-base frameshifts, three 2&#8211;5 bp insertions, and a 7 and a 67 bp deletion, leading to a frameshift mutation rate of 27% of the total mutations in this group (<xref class="xref-table" href="#T1" rid="xref-table-wrap-1-5">Table I</xref> and Supplementary Table III).<CoreSc1 atype="GSC" type="Res" conceptID="Res29" novelty="None" advantage="None"/></s>
        <s sid="126">The total number of transitions was significantly reduced in the 3-MC-treated animals compared to solvent controls (Chi-square test, <xref class="xref-table" href="#T1" rid="xref-table-wrap-1-6">Table I</xref>).<CoreSc1 atype="GSC" type="Res" conceptID="Res30" novelty="None" advantage="None"/></s>
        <s sid="127">However, using the test described by Cariello et al. (<xref class="xref-bibr" href="#ref-43" rid="xref-ref-43-2">43</xref>), the 3-MC-induced mutation spectrum in total barely missed being significantly different from the lacI spectrum of untreated rats (P = 0.058).<CoreSc1 atype="GSC" type="Res" conceptID="Res31" novelty="None" advantage="None"/></s>
      </p>
      <p xmlns:xhtml="http://www.w3.org/1999/xhtml" id="p-27">
        <s sid="128">Of the 17 PCB3-induced single-base pair substitutions, three mutations (18%) occurred at A:T base pair while 14 (82%) were at G:C base pair (<xref class="xref-table" href="#T1" rid="xref-table-wrap-1-7">Table I</xref> and Supplementary Table IV).<CoreSc1 atype="GSC" type="Res" conceptID="Res32" novelty="None" advantage="None"/></s>
        <s sid="129">Like the 3-MC spectrum, the predominant mutations in this group were G:C&#8594;A:T transition (30%; 7/23), with 43% of them occurring at CpG sites, and G:C&#8594;T:A transversion (30%; 7/23), followed by A:T&#8594;C:G transversion (9%; 2/23).<CoreSc1 atype="GSC" type="Res" conceptID="Res33" novelty="None" advantage="None"/></s>
        <s sid="130">Also, there was one (4%) A:T&#8594;T:A transversion mutation recovered from this group.<CoreSc1 atype="GSC" type="Res" conceptID="Res34" novelty="None" advantage="None"/></s>
        <s sid="131">Additionally, there were four single-base frameshifts, a 4 bp insertion, and a 13 bp deletions, leading to frameshift mutations (26% of the total mutations, <xref class="xref-table" href="#T1" rid="xref-table-wrap-1-8">Table I</xref>).<CoreSc1 atype="GSC" type="Res" conceptID="Res35" novelty="None" advantage="None"/></s>
        <s sid="132">The proportion of transitions among PCB3-induced mutations was significantly different from that of the control group (P &lt; 0.05) and similar to the 3-MC-induced mutation spectrum.<CoreSc1 atype="GSC" type="Res" conceptID="Res36" novelty="None" advantage="None"/></s>
        <s sid="133">Despite the apparent differences in the proportions of transitions and transversions recovered from total mutants of the control and the PCB3-treated rats (<xref class="xref-table" href="#T1" rid="xref-table-wrap-1-9">Table I</xref>), the PCB3-induced mutation spectrum was not significantly different from the spectrum of the control animals using the previously described statistical test method (<xref class="xref-bibr" href="#ref-43" rid="xref-ref-43-3">43</xref>) (P = 0.117).<CoreSc1 atype="GSC" type="Res" conceptID="Res37" novelty="None" advantage="None"/></s>
      </p>
      <p xmlns:xhtml="http://www.w3.org/1999/xhtml" id="p-28">
        <s sid="134">Of the 21 4-HO-PCB3-induced single bp substitutions, only three mutations (14%) occurred at an A:T base pair while 18 (86%) were at G:C base pairs (<xref class="xref-table" href="#T1" rid="xref-table-wrap-1-10">Table I</xref>).<CoreSc1 atype="GSC" type="Res" conceptID="Res38" novelty="None" advantage="None"/></s>
        <s sid="135">Like the control spectrum, the predominant mutations in this group were G:C&#8594;A:T transition (48%; 13/27), with 23% of them occurring at CpG sites, followed by G:C&#8594;T:A transversions (15%; 4/27), and A:T&#8594;G:C transition (7%; 2/27).<CoreSc1 atype="GSC" type="Res" conceptID="Res39" novelty="None" advantage="None"/></s>
        <s sid="136">There was only one (4%) A:T&#8594;C:G transversion recovered from this group and no A:T&#8594;T:A transversion.<CoreSc1 atype="GSC" type="Res" conceptID="Res40" novelty="None" advantage="None"/></s>
        <s sid="137">Additionally, there were two single-base frameshifts, three insertions (4&#8211;8 bp long), and a 21 bp deletion, leading to frameshift mutations (22% of the total mutations, <xref class="xref-table" href="#T1" rid="xref-table-wrap-1-11">Table I</xref>).<CoreSc1 atype="GSC" type="Res" conceptID="Res41" novelty="None" advantage="None"/></s>
        <s sid="138">Therefore, the 4-HO-PCB3-induced mutation spectrum was not significantly different from the spectrum of the control group.<CoreSc1 atype="GSC" type="Res" conceptID="Res42" novelty="None" advantage="None"/></s>
      </p>
    </SEC>
    <SEC>
      <TITLE>Discussion</TITLE>
      <p xmlns:xhtml="http://www.w3.org/1999/xhtml" id="p-29">
        <s sid="139">The present study demonstrates for the first time that PCB3 is mutagenic in vivo.<CoreSc1 atype="GSC" type="Con" conceptID="Con2" novelty="None" advantage="None"/></s>
      </p>
      <h3 xmlns:xhtml="http://www.w3.org/1999/xhtml">Mutant frequencies and mutation spectra of the negative control</h3>
      <p xmlns:xhtml="http://www.w3.org/1999/xhtml" id="p-30">
        <s sid="140">In our experiments, the mutant frequency as well as the mutation frequency of the lacI gene in the liver of untreated BigBlue&#174; rats was 17 &#177; 4 &#215; 10<sup>&#8722;6</sup> pfu which is in concordance with the finding derived from the analysis of 35 independent experiments by Lambert et al. (<xref class="xref-bibr" href="#ref-44" rid="xref-ref-44-1">44</xref>), which yielded an average spontaneous mutation frequency of the lacI gene in the liver of BigBlue&#174; rats of 35 &#177; 3 &#215; 10<sup>&#8722;6</sup> pfu with a range of 10&#8211;85 &#215; 10<sup>&#8722;6</sup> pfu.<CoreSc1 atype="GSC" type="Res" conceptID="Res43" novelty="None" advantage="None"/></s>
      </p>
      <p xmlns:xhtml="http://www.w3.org/1999/xhtml" id="p-31">
        <s sid="141">The dominating kind of mutation in all four groups was base pair substitutions (73&#8211;81%, compared to 19&#8211;27% frameshift mutations).<CoreSc1 atype="GSC" type="Res" conceptID="Res44" novelty="None" advantage="None"/></s>
        <s sid="142">Most of these base pair substitution mutations in untreated (69%), 3-MC-treated (59%), PCB3-treated (53%) and 4-HO-PCB3-treated (62%) rats were found within the first 360 bp of the lacI gene, which is in accordance with observations of other laboratories (<xref class="xref-bibr" href="#ref-45" rid="xref-ref-45-1">45</xref>).<CoreSc1 atype="GSC" type="Res" conceptID="Res45" novelty="None" advantage="None"/></s>
        <s sid="143">This region contains the DNA binding domain (or negative complementing region) of the lacI gene (<xref class="xref-bibr" href="#ref-46" rid="xref-ref-46-1">46</xref>).<CoreSc1 atype="GSC" type="Bac" conceptID="Bac24" novelty="None" advantage="None"/></s>
      </p>
      <p xmlns:xhtml="http://www.w3.org/1999/xhtml" id="p-32">
        <s sid="144">The most frequent type of mutation in the control group was G:C&#8594;A:T transition (56%) which is in agreement with the findings of deBoer and Glickman (<xref class="xref-bibr" href="#ref-45" rid="xref-ref-45-2">45</xref>).<CoreSc1 atype="GSC" type="Res" conceptID="Res46" novelty="None" advantage="None"/><CoreSc2 atype="GSC" type="Bac" conceptID="Bac25" novelty="None" advantage="None"/></s>
        <s sid="145">Sixty-six percent (4/6) of the G:C&#8594;A:T transitions recovered from our control animals occurred in the first 400 bp and 50% of these (2/4) occurred at CpG sites (Supplementary Table II).<CoreSc1 atype="GSC" type="Res" conceptID="Res47" novelty="None" advantage="None"/></s>
        <s sid="146">G:C&#8594;A:T transitions are known to be particularly concentrated in the first 400 bp, where 65&#8211;85% of them are located at 5&#8242;-CpG-3&#8242; sites due to spontaneous deamination of methylated cytosines (<xref class="xref-bibr" href="#ref-47" rid="xref-ref-47-1">47</xref>) and the unusual malleability of CpG steps (<xref class="xref-bibr" href="#ref-48" rid="xref-ref-48-1">48</xref>,<xref class="xref-bibr" href="#ref-49" rid="xref-ref-49-1">49</xref>).<CoreSc1 atype="GSC" type="Bac" conceptID="Bac26" novelty="None" advantage="None"/></s>
      </p>
      <p xmlns:xhtml="http://www.w3.org/1999/xhtml" id="p-33">
        <s sid="147">In contrast, deletion events are 3-fold more common after the first 400 bp (<xref class="xref-bibr" href="#ref-45" rid="xref-ref-45-3">45</xref>).<CoreSc1 atype="GSC" type="Bac" conceptID="Bac27" novelty="None" advantage="None"/></s>
        <s sid="148">The three frameshift mutations recovered from the 16 mutants of the control animals occurred within this region (Supplementary Table II).<CoreSc1 atype="GSC" type="Obs" conceptID="Obs13" novelty="None" advantage="None"/></s>
        <s sid="149">Deletion of DNA is frequently mediated by repeated sequences and both insertions and deletions can be explained by a slipped-mispairing mechanism (<xref class="xref-bibr" href="#ref-50" rid="xref-ref-50-1">50</xref>).<CoreSc1 atype="GSC" type="Bac" conceptID="Bac28" novelty="None" advantage="None"/></s>
        <s sid="150">For additional information, we added the location of the frameshift mutation in Supplementary Tables II&#8211;V.<CoreSc1 atype="GSC" type="Obs" conceptID="Obs14" novelty="None" advantage="None"/></s>
      </p>
      <h3 xmlns:xhtml="http://www.w3.org/1999/xhtml">Mutations in 3-MC-treated animals</h3>
      <p xmlns:xhtml="http://www.w3.org/1999/xhtml" id="p-34">
        <s sid="151">The mutant frequency in the liver of 3-MC-treated rats in our experiments was 88 &#177; 15 &#215; 10<sup>&#8722;6</sup> pfu.<CoreSc1 atype="GSC" type="Res" conceptID="Res48" novelty="None" advantage="None"/></s>
        <s sid="152">Sequence analysis revealed that most of them, 93%, were true independent mutations.<CoreSc1 atype="GSC" type="Res" conceptID="Res49" novelty="None" advantage="None"/></s>
        <s sid="153">If we subtract 7% from those 88 mutants to account for possible siblings we obtain an estimated mutation frequency for the 3-MC group of about 82 &#215; 10<sup>&#8722;6</sup> pfu, giving a 5-fold induction of mutations above background levels.<CoreSc1 atype="GSC" type="Res" conceptID="Res50" novelty="None" advantage="None"/></s>
        <s sid="154">Rihn et al. (<xref class="xref-bibr" href="#ref-51" rid="xref-ref-51-1">51</xref>) analyzed the mutagenicity of 3-MC in the liver of male BigBlue&#174; mice.<CoreSc1 atype="GSC" type="Bac" conceptID="Bac29" novelty="None" advantage="None"/></s>
        <s sid="155">Fourteen days after a single injection of 80 mg 3-MC/kg BW, a mutation frequency of 203 &#177; 29 &#215; 10<sup>&#8722;6</sup> pfu was observed.<CoreSc1 atype="GSC" type="Bac" conceptID="Bac30" novelty="None" advantage="None"/></s>
        <s sid="156">This seems to be higher than in our experiment with BigBlue&#174; rats using four once a week injections of 80 mg 3-MC/kg BW, however, the mutation frequency in the liver of the control animals (76 &#177; 27 &#215; 10<sup>&#8722;6</sup> pfu) was also much higher than in our study, resulting in a less than 3-fold induction of mutations by 3-MC.<CoreSc1 atype="GSC" type="Bac" conceptID="Bac31" novelty="None" advantage="None"/></s>
        <s sid="157">These differences between this mouse and our rat study may be due to the differing species and treatment protocols.<CoreSc1 atype="GSC" type="Con" conceptID="Con3" novelty="None" advantage="None"/></s>
      </p>
      <p xmlns:xhtml="http://www.w3.org/1999/xhtml" id="p-35">
        <s sid="158">The predominant mutations among 3-MC-induced total mutations were G:C&#8594;T:A transversion and G:C&#8594;A:T transition mutations.<CoreSc1 atype="GSC" type="Obs" conceptID="Obs15" novelty="None" advantage="None"/></s>
        <s sid="159">Compared to the negative control, the 3-MC-induced mutation spectrum showed a dramatic increase in G:C&#8594;T:A transversions (<xref class="xref-table" href="#T1" rid="xref-table-wrap-1-12">Table I</xref>) and &#8722;1 frameshift mutations (<xref class="xref-table" href="#T1" rid="xref-table-wrap-1-13">Table I</xref>).<CoreSc1 atype="GSC" type="Res" conceptID="Res51" novelty="None" advantage="None"/></s>
        <s sid="160">G:C&#8594;T:A transversions were also the predominant mutations recovered from the 3-MC-induced lambda lacI mutant plaques sequenced by Rihn et al. (<xref class="xref-bibr" href="#ref-51" rid="xref-ref-51-2">51</xref>).<CoreSc1 atype="GSC" type="Bac" conceptID="Bac32" novelty="None" advantage="None"/></s>
        <s sid="161">Metabolically activated polycyclic aromatic hydrocarbons are known to react with the exocyclic amino group of G, A, and - to a lesser extend - C (<xref class="xref-bibr" href="#ref-52" rid="xref-ref-52-1">52</xref>), resulting in G:C&#8594;T:A and A:T&#8594;T:A transversions and G:C&#8594;A:T transition mutations.<CoreSc1 atype="GSC" type="Bac" conceptID="Bac33" novelty="None" advantage="None"/></s>
      </p>
      <h3 xmlns:xhtml="http://www.w3.org/1999/xhtml">Mutant frequencies and mutation spectra of PCB-induced mutants</h3>
      <p xmlns:xhtml="http://www.w3.org/1999/xhtml" id="p-36">
        <s sid="162">The purpose of this study was primarily to analyze whether PCB3 and one of its metabolites, 4-HO-PCB3, induce gene mutations in the livers of male Fischer 344 rats.<CoreSc1 atype="GSC" type="Goa" conceptID="Goa3" novelty="None" advantage="None"/></s>
        <s sid="163">The basis for this question was the observation that both compounds and a downstream metabolite, the 3,4-quinone (see <xref class="xref-fig" href="#F4" rid="xref-fig-4-1">Figure 4</xref>) induced &#947;-glutamyltranspeptidase-positive foci, which are considered to be pre-neoplastic stages and adenoma (only PCB3) in the livers of male Fischer 344 when applied as initiating agent in a modified Solt-Farber protocol (<xref class="xref-bibr" href="#ref-32" rid="xref-ref-32-4">32</xref>,<xref class="xref-bibr" href="#ref-33" rid="xref-ref-33-3">33</xref>).<CoreSc1 atype="GSC" type="Mot" conceptID="Mot2" novelty="None" advantage="None"/></s>
        <s sid="164">Similar to the Solt-Farber experiment, a slightly lower dose of the 4-HO-PCB was used (four injections of 400 &#956;mol/kg BW) than of the PCB3 (four injections of 600 &#956;mol/kg BW) to account for the fact that 4-HO-PCB3 is expected to be one metabolic step closer to the proposed ultimate mutagen, the 3,4-quinone of PCB3, and the expected higher toxicity of the hydroxylated metabolite compared to the parent compound.<CoreSc1 atype="GSC" type="Exp" conceptID="Exp42" novelty="None" advantage="None"/></s>
      </p>
      <p xmlns:xhtml="http://www.w3.org/1999/xhtml" id="p-38">
        <s sid="165">In this present study, PCB3 indeed significantly induced mutations in the liver of transgenic male BigBlue&#174; rats.<CoreSc1 atype="GSC" type="Res" conceptID="Res52" novelty="None" advantage="None"/></s>
        <s sid="166">We did not observe any signs of liver toxicity due to PCB3-treatment, neither morphologically nor histologically, which argues against indirect effects as cause for this increase in mutations.<CoreSc1 atype="GSC" type="Obs" conceptID="Obs16" novelty="None" advantage="None"/></s>
        <s sid="167">Moreover, the mutation spectrum was significantly different compared to that of control animals, with transitions, which are typical for spontaneous mutations, contributing significantly less to the PCB3-induced mutation spectrum than in controls.<CoreSc1 atype="GSC" type="Res" conceptID="Res53" novelty="None" advantage="None"/></s>
        <s sid="168">This characteristic was shared with 3-MC, our positive control and a known mutagen and carcinogen in rodents.<CoreSc1 atype="GSC" type="Res" conceptID="Res54" novelty="None" advantage="None"/></s>
        <s sid="169">In the 4-HO-PCB3 group on the other hand, the mutant frequency was elevated 2-fold, which was not statistically significant.<CoreSc1 atype="GSC" type="Res" conceptID="Res55" novelty="None" advantage="None"/></s>
        <s sid="170">This lack of significance may in part be due to the large variability in mutation frequency between animals within this group and the use of only four animals per treatment group.<CoreSc1 atype="GSC" type="Con" conceptID="Con4" novelty="None" advantage="None"/></s>
        <s sid="171">However, the mutation spectrum of mutants isolated from animals treated with 4-HO-PCB3, was also not significantly different from that of the control animals.<CoreSc1 atype="GSC" type="Res" conceptID="Res56" novelty="None" advantage="None"/></s>
        <s sid="172">A slight shift towards more transversion and frameshift mutations may be present, but it is nowhere near the one seen with 3-MC or PCB3.<CoreSc1 atype="GSC" type="Obs" conceptID="Obs17" novelty="None" advantage="None"/></s>
        <s sid="173">Even though the mutant frequency may be underestimated by inadvertently omitting light colored mutant plaques, the mutational spectra are unlikely to be biased (<xref class="xref-bibr" href="#ref-45" rid="xref-ref-45-4">45</xref>).<CoreSc1 atype="GSC" type="Met" conceptID="Met16" novelty="None" advantage="None"/></s>
        <s sid="174">Of course, certain deletion or insertion mutations may not be detected in phage based transgenic rodent systems because of packaging constraints.<CoreSc1 atype="GSC" type="Met" conceptID="Met17" novelty="None" advantage="None"/></s>
        <s sid="175">Thus, agents whose genotoxicity arises primarily through clastogenic events are less likely to be detected in transgenic rodent systems (<xref class="xref-bibr" href="#ref-44" rid="xref-ref-44-2">44</xref>).<CoreSc1 atype="GSC" type="Met" conceptID="Met18" novelty="None" advantage="None"/></s>
        <s sid="176">For these compounds existing clastogenicity assays, such as the in vivo bone marrow micronucleus test may still be more sensitive, although organ specificity could hamper their detection even in these systems (<xref class="xref-bibr" href="#ref-44" rid="xref-ref-44-3">44</xref>).<CoreSc1 atype="GSC" type="Bac" conceptID="Bac34" novelty="None" advantage="None"/></s>
        <s sid="177">The results in our experiments are therefore not sufficient to clearly answer the questions whether 4-HO-PCB3 is mutagenic in the liver of male rats, but they show that the parent compound, PCB3, is a significantly stronger mutagen with the concentrations and exposure protocol used in this study.<CoreSc1 atype="GSC" type="Mot" conceptID="Mot3" novelty="None" advantage="None"/></s>
      </p>
      <h3 xmlns:xhtml="http://www.w3.org/1999/xhtml">What is the mechanism of PCB3 activation to a mutagen?</h3>
      <p xmlns:xhtml="http://www.w3.org/1999/xhtml" id="p-39">
        <s sid="178">The second goal of this study was to analyze whether the mutation spectra of PCB3 and its metabolite 4-HO-PCB3 could give us any information about the ultimate mutagenic species.<CoreSc1 atype="GSC" type="Goa" conceptID="Goa4" novelty="None" advantage="None"/></s>
        <s sid="179">This raises the question of the mechanism of mutation induction involved in the PCB3-induced mutagenesis.<CoreSc1 atype="GSC" type="Mot" conceptID="Mot4" novelty="None" advantage="None"/></s>
        <s sid="180">PCB3 is efficiently metabolized by CYPs in the liver to monohydroxy-PCB3, probably with an epoxide as intermediate, and further to dihydroxylated metabolites (<xref class="xref-fig" href="#F4" rid="xref-fig-4-2">Figure 4</xref>) (<xref class="xref-bibr" href="#ref-34" rid="xref-ref-34-3">34</xref>,<xref class="xref-bibr" href="#ref-40" rid="xref-ref-40-1">40</xref>,<xref class="xref-bibr" href="#ref-53" rid="xref-ref-53-1">53</xref>).<CoreSc1 atype="GSC" type="Bac" conceptID="Bac35" novelty="None" advantage="None"/></s>
        <s sid="181">Dihydroxy-PCBs can be further oxidized to the corresponding semiquinone and quinone.<CoreSc1 atype="GSC" type="Bac" conceptID="Bac36" novelty="None" advantage="None"/></s>
        <s sid="182">Several reports show metabolic activation of radiolabeled PCBs to result in protein, RNA and DNA binding of radioactivity in cell-free systems (<xref class="xref-bibr" href="#ref-54" rid="xref-ref-54-1">54</xref>), in cultured cells (<xref class="xref-bibr" href="#ref-55" rid="xref-ref-55-1">55</xref>) and in vivo (<xref class="xref-bibr" href="#ref-37" rid="xref-ref-37-1">37</xref>).<CoreSc1 atype="GSC" type="Bac" conceptID="Bac37" novelty="None" advantage="None"/></s>
        <s sid="183">The formation of such adducts by monochlorinated biphenyls has been explained by activation through different metabolic pathways (<xref class="xref-bibr" href="#ref-34" rid="xref-ref-34-4">34</xref>,<xref class="xref-bibr" href="#ref-39" rid="xref-ref-39-2">39</xref>,<xref class="xref-bibr" href="#ref-56" rid="xref-ref-56-1">56</xref>,<xref class="xref-bibr" href="#ref-57" rid="xref-ref-57-1">57</xref>).<CoreSc1 atype="GSC" type="Bac" conceptID="Bac38" novelty="None" advantage="None"/></s>
      </p>
      <p xmlns:xhtml="http://www.w3.org/1999/xhtml" id="p-40">
        <s sid="184"><sup>32</sup>P-postlabeling studies with PCB3 and a metabolizing system showed that similar but also unique adducts were formed depending on whether the incubation environment was oxidizing or reducing (<xref class="xref-bibr" href="#ref-36" rid="xref-ref-36-1">36</xref>).<CoreSc1 atype="GSC" type="Bac" conceptID="Bac39" novelty="None" advantage="None"/></s>
        <s sid="185">It was suggested that some DNA adducts of lower chlorinated biphenyls may be derived from arene oxides (reducing environment), but others may be formed from the oxidized products of catechol and p-hydroquinone, i.e. semiquinones and quinones (oxidizing environment).<CoreSc1 atype="GSC" type="Bac" conceptID="Bac40" novelty="None" advantage="None"/></s>
        <s sid="186">PCB-quinones form adducts with nitrogen and sulfur nucleophiles (<xref class="xref-bibr" href="#ref-40" rid="xref-ref-40-2">40</xref>,<xref class="xref-bibr" href="#ref-56" rid="xref-ref-56-2">56</xref>) as well as with guanosine or isolated DNA in vitro (<xref class="xref-bibr" href="#ref-36" rid="xref-ref-36-2">36</xref>,<xref class="xref-bibr" href="#ref-40" rid="xref-ref-40-3">40</xref>,<xref class="xref-bibr" href="#ref-53" rid="xref-ref-53-2">53</xref>).<CoreSc1 atype="GSC" type="Bac" conceptID="Bac41" novelty="None" advantage="None"/></s>
        <s sid="187">Recently, the structure of the reaction product of PCB3-2,5-quinone with N<sup>2</sup> of guanine was identified (<xref class="xref-bibr" href="#ref-53" rid="xref-ref-53-3">53</xref>).<CoreSc1 atype="GSC" type="Bac" conceptID="Bac42" novelty="None" advantage="None"/></s>
        <s sid="188">In addition to the cell-free experiments mentioned above, the induction of DNA adducts in cultured human hepatocytes by PCB3 has been demonstrated by the <sup>32</sup>P-postlabeling assay (<xref class="xref-bibr" href="#ref-35" rid="xref-ref-35-2">35</xref>) and quinonoid protein adducts of 2,5,2&#8242;,5&#8242;-tetrachlorobiphenyl (PCB52) were discovered in the liver and brain of treated rats (<xref class="xref-bibr" href="#ref-58" rid="xref-ref-58-1">58</xref>).<CoreSc1 atype="GSC" type="Bac" conceptID="Bac43" novelty="None" advantage="None"/></s>
      </p>
      <p xmlns:xhtml="http://www.w3.org/1999/xhtml" id="p-41">
        <s sid="189">Besides the reactivity of arene oxide and quinoid PCB metabolites towards DNA, the induction of oxidative stress might be another possible mechanism for the initiation potential of PCB3 and some of its metabolites: incubation of isolated DNA with dihalogenated PCB catechols in the presence of lactoperoxidase and metal ions induced 8-oxo-deoxyguanosine formation (<xref class="xref-bibr" href="#ref-39" rid="xref-ref-39-3">39</xref>).<CoreSc1 atype="GSC" type="Bac" conceptID="Bac44" novelty="None" advantage="None"/></s>
        <s sid="190">Several metabolites of PCB3 induce DNA strand breaks in vitro and reactive oxygen species in vitro as well as in cultured cells (<xref class="xref-bibr" href="#ref-41" rid="xref-ref-41-2">41</xref>).<CoreSc1 atype="GSC" type="Bac" conceptID="Bac45" novelty="None" advantage="None"/></s>
      </p>
      <p xmlns:xhtml="http://www.w3.org/1999/xhtml" id="p-42">
        <s sid="191">The G:C&#8594;T:A transversions recovered from PCB3-induced mutants in the present study are in concordance with both possible mechanisms: arylalkylating agents, such as activated PCB3 metabolites (e.g. quinones and epoxides) react preferably with the exocyclic amino group of G, A or C (<xref class="xref-bibr" href="#ref-52" rid="xref-ref-52-2">52</xref>), which would generate a non-coding DNA lesion.<CoreSc1 atype="GSC" type="Res" conceptID="Res57" novelty="None" advantage="None"/></s>
        <s sid="192">When trying to interpret such a lesion during transcription, DNA polymerases usually use ATP instead of CTP resulting in G:C&#8594;T:A and A:T&#8594;T:A transversion, as well as G:C&#8594;A:T transition.<CoreSc1 atype="GSC" type="Bac" conceptID="Bac46" novelty="None" advantage="None"/></s>
        <s sid="193">However, G:C&#8594;T:A transversion is also the predominant mutation induced by 8-oxo-deoxyguanosine (<xref class="xref-bibr" href="#ref-59" rid="xref-ref-59-1">59</xref>).<CoreSc1 atype="GSC" type="Bac" conceptID="Bac47" novelty="None" advantage="None"/></s>
        <s sid="194">Thus both, oxidative stress and/or adduct formation, could have caused the observed increase in mutations.<CoreSc1 atype="GSC" type="Con" conceptID="Con5" novelty="None" advantage="None"/></s>
        <s sid="195">The fact that &#8722;1 frameshift mutations and A:T&#8594;C:G and A:T&#8594;T:A transversions also seem to be increased in PCB3-treated animals, similar to 3-MC-treated animals, may be additional support for arylalkylation as mechanism.<CoreSc1 atype="GSC" type="Con" conceptID="Con6" novelty="None" advantage="None"/></s>
        <s sid="196">Also, the strong mutagenicity of PCB3 compared to 4-HO-PCB3 seems to argue in favor of an arenoxide as mutagenic intermediate.<CoreSc1 atype="GSC" type="Con" conceptID="Con7" novelty="None" advantage="None"/></s>
        <s sid="197">However, it could also be argued that the 4-HO-PCB3 metabolite was already too reactive to reach the target organ, the liver, whereas the non-reactive PCB3 was easily transported to the liver and there bioactivated to a mutagenic species with or without the production of oxidative stress.<CoreSc1 atype="GSC" type="Con" conceptID="Con8" novelty="None" advantage="None"/></s>
        <s sid="198">Thus these in vivo experiments proved for the first time that PCB3 is indeed mutagenic in the organ where it produced pre-neoplastic lesions, but the ultimate mutagenic species and activation mechanism is still elusive.<CoreSc1 atype="GSC" type="Mot" conceptID="Mot5" novelty="None" advantage="None"/><CoreSc2 atype="GSC" type="Con" conceptID="Con9" novelty="None" advantage="None"/></s>
      </p>
      <p xmlns:xhtml="http://www.w3.org/1999/xhtml" id="p-43">
        <s sid="199">PCB3 is found in the air of contaminated sites and in urban areas (<xref class="xref-bibr" href="#ref-18" rid="xref-ref-18-3">18</xref>).<CoreSc1 atype="GSC" type="Bac" conceptID="Bac48" novelty="None" advantage="None"/></s>
        <s sid="200">It cannot be detected in human blood samples (<xref class="xref-bibr" href="#ref-60" rid="xref-ref-60-1">60</xref>), indicating its susceptibility to metabolism that might involve the generation of mutagenic metabolites.<CoreSc1 atype="GSC" type="Bac" conceptID="Bac49" novelty="None" advantage="None"/></s>
        <s sid="201">In addition, many other lower chlorinated PCBs, which are ubiquitous in our environment, may have a similar potential to be activated to mutagenic and carcinogenic species as our model compound PCB3, as indicated by the observation that several of them cause pre-neoplastic foci in rat liver (<xref class="xref-bibr" href="#ref-32" rid="xref-ref-32-6">32</xref>,<xref class="xref-bibr" href="#ref-33" rid="xref-ref-33-4">33</xref>).<CoreSc1 atype="GSC" type="Bac" conceptID="Bac50" novelty="None" advantage="None"/></s>
        <s sid="202">Therefore, the here described mutagenicity of PCB3 in vivo might have strong implication for the potential carcinogenicity of this whole group of ubiquitous environmental pollutants.<CoreSc1 atype="GSC" type="Con" conceptID="Con10" novelty="None" advantage="None"/></s>
      </p>
    </SEC>
    <SEC>
      <TITLE>Acknowledgments</TITLE>
      <p xmlns:xhtml="http://www.w3.org/1999/xhtml" id="p-51">
        <s sid="203">The authors would like to thank James A. Jacobus for injecting the animals and his help in the laboratory, Dr Lehmler for synthesizing and characterizing the study chemicals, and Dr Barbara Shane for useful suggestions concerning the assay procedure.</s>
        <s sid="204">This work was financially supported by NIEHS (ES 07380 and ES13661), DOD (DAMD17-02-1-0241), EPA (R-82902102-0) and a Hollaender Trainee award to L.L. from the EMS.</s>
        <s sid="205">The content of this publication is the sole responsibility of the authors and does not necessarily represent the official views of the funding agencies.</s>
      </p>
      <p xmlns:xhtml="http://www.w3.org/1999/xhtml" id="p-52">
        <s sid="206">Conflict of Interest Statement: None declared.</s>
      </p>
    </SEC>
    <SEC>
      <TITLE>Footnotes</TITLE>
    </SEC>
    <SEC>
      <TITLE>References</TITLE>
    </SEC>
  </BODY>
</PAPER>