<PAPER>
  <mode2 name="ehp14_arathi" hasDoc="yes" version="1258"/>
  <article xmlns:mml="http://www.w3.org/1998/Math/MathML" xmlns:xlink="http://www.w3.org/1999/xlink" xmlns:xsi="http://www.w3.org/2001/XMLSchema-instance" article-type="research-article" dtd-version="2.3" xml:lang="EN">
    <front>
      <journal-meta>
        <journal-id journal-id-type="nlm-ta">Environ Health Perspect</journal-id>
        <journal-title>Environmental Health Perspectives</journal-title>
        <issn pub-type="epub">0091-6765</issn>
        <publisher>
          <publisher-name>National Institute of Environmental Health Sciences</publisher-name>
        </publisher>
      </journal-meta>
      <article-meta>
        <article-id pub-id-type="pmid">16966090</article-id>
        <article-id pub-id-type="doi">10.1289/ehp.8906</article-id>
        <article-id pub-id-type="publisher-id">ehp0114-001367</article-id>
        <article-categories>
          <subj-group subj-group-type="heading">
            <subject>Research</subject>
          </subj-group>
        </article-categories>
        <title-group>
          <article-title>
            <s sid="1">Apoptosis and Bax Expression are Increased by Coal Dust in the Polycyclic Aromatic Hydrocarbon-Exposed Lung<CoreSc1 atype="GSC" type="Res" conceptID="Res1" novelty="None" advantage="None"/></s>
          </article-title>
        </title-group>
        <contrib-group>
          <contrib contrib-type="author" xlink:type="simple">
            <name name-style="western">
              <surname>Ghanem</surname>
              <given-names>Mohamed M.</given-names>
            </name>
            <xref ref-type="aff" rid="af1-ehp0114-001367">
              <sup>1</sup>
            </xref>
            <xref ref-type="aff" rid="af2-ehp0114-001367">
              <sup>2</sup>
            </xref>
          </contrib>
          <contrib contrib-type="author" xlink:type="simple">
            <name name-style="western">
              <surname>Battelli</surname>
              <given-names>Lori A.</given-names>
            </name>
            <xref ref-type="aff" rid="af1-ehp0114-001367">
              <sup>1</sup>
            </xref>
            <xref ref-type="aff" rid="af2-ehp0114-001367">
              <sup>2</sup>
            </xref>
          </contrib>
          <contrib contrib-type="author" xlink:type="simple">
            <name name-style="western">
              <surname>Mercer</surname>
              <given-names>Robert R.</given-names>
            </name>
            <xref ref-type="aff" rid="af2-ehp0114-001367">
              <sup>2</sup>
            </xref>
          </contrib>
          <contrib contrib-type="author" xlink:type="simple">
            <name name-style="western">
              <surname>Scabilloni</surname>
              <given-names>James F.</given-names>
            </name>
            <xref ref-type="aff" rid="af2-ehp0114-001367">
              <sup>2</sup>
            </xref>
          </contrib>
          <contrib contrib-type="author" xlink:type="simple">
            <name name-style="western">
              <surname>Kashon</surname>
              <given-names>Michael L.</given-names>
            </name>
            <xref ref-type="aff" rid="af2-ehp0114-001367">
              <sup>2</sup>
            </xref>
          </contrib>
          <contrib contrib-type="author" xlink:type="simple">
            <name name-style="western">
              <surname>Ma</surname>
              <given-names>Jane Y.C.</given-names>
            </name>
            <xref ref-type="aff" rid="af2-ehp0114-001367">
              <sup>2</sup>
            </xref>
          </contrib>
          <contrib contrib-type="author" xlink:type="simple">
            <name name-style="western">
              <surname>Nath</surname>
              <given-names>Joginder</given-names>
            </name>
            <xref ref-type="aff" rid="af1-ehp0114-001367">
              <sup>1</sup>
            </xref>
          </contrib>
          <contrib contrib-type="author" xlink:type="simple">
            <name name-style="western">
              <surname>Hubbs</surname>
              <given-names>Ann F.</given-names>
            </name>
            <xref ref-type="aff" rid="af2-ehp0114-001367">
              <sup>2</sup>
            </xref>
            <xref ref-type="corresp" rid="c1-ehp0114-001367"/>
          </contrib>
        </contrib-group>
        <aff id="af1-ehp0114-001367">
          <label>1</label>
          <addr-line> Genetics and Developmental Biology Program, West Virginia University, Morgantown, West Virginia, USA</addr-line>
        </aff>
        <aff id="af2-ehp0114-001367">
          <label>2</label>
          <addr-line> Health Effect Laboratory Division, National Institute for Occupational Safety and Health, Centers for Disease Control and Prevention, Morgantown, West Virginia, USA</addr-line>
        </aff>
        <author-notes>
          <corresp id="c1-ehp0114-001367">Address correspondence to A. Hubbs, Pathology and Physiology Research Branch, Health Effect Laboratory Division, National Institute for Occupational Safety and Health, Centers for Disease Control and Prevention, 1095 Willowdale Rd., Morgantown, WV 26505 USA. Telephone: (304) 285-6128. Fax: (304) 285-5938. E-mail: <email xlink:type="simple">Ahubbs@cdc.gov</email></corresp>
          <fn>
            <p>The authors declare they have no competing financial interests.</p>
          </fn>
        </author-notes>
        <pub-date pub-type="epub">
          <day>18</day>
          <month>5</month>
          <year>2006</year>
        </pub-date>
        <volume>114</volume>
        <issue>9</issue>
        <fpage>1367</fpage>
        <lpage>1373</lpage>
        <history>
          <date date-type="received">
            <day>7</day>
            <month>12</month>
            <year>2005</year>
          </date>
          <date date-type="accepted">
            <day>18</day>
            <month>5</month>
            <year>2006</year>
          </date>
        </history>
        <copyright-statement>This is an Open Access article: verbatim copying and redistribution of this article are permitted in all media for any purpose, provided this notice is preserved along with the article's original DOI</copyright-statement>
        <copyright-year>2006</copyright-year>
        <abstract>
          <sec>
            <title>Background</title>
            <p>
              <s sid="2">Miners inhaling respirable coal dust (CD) frequently develop coal workers&#8217; pneumoconiosis, a dust-associated pneumoconiosis characterized by lung inflammation and variable fibrosis.<CoreSc1 atype="GSC" type="Bac" conceptID="Bac1" novelty="None" advantage="None"/></s>
              <s sid="3">Many coal miners are also exposed to polycyclic aromatic hydrocarbon (PAH) components of diesel engine exhaust and cigarette smoke, which may contribute to lung disease in these workers.<CoreSc1 atype="GSC" type="Bac" conceptID="Bac2" novelty="None" advantage="None"/></s>
              <s sid="4">Recently, apoptosis was reported to play a critical role in the development of another pneumoconiosis of miners, silicosis.<CoreSc1 atype="GSC" type="Bac" conceptID="Bac3" novelty="None" advantage="None"/></s>
              <s sid="5">In addition, CD was reported to suppress cytochrome P450 1A1 (CYP1A1) induction by PAHs.<CoreSc1 atype="GSC" type="Bac" conceptID="Bac4" novelty="None" advantage="None"/></s>
            </p>
          </sec>
          <sec sec-type="methods">
            <title>Methods</title>
            <p>
              <s sid="6">We investigated the hypothesis that apoptosis plays a critical role in lung injury and down-regulation of CYP1A1 induction in mixed exposures to CD and PAHs.<CoreSc1 atype="GSC" type="Hyp" conceptID="Hyp1" novelty="None" advantage="None"/></s>
              <s sid="7">We exposed rats intratracheally to 0.0, 2.5, 10.0, 20.0, or 40.0 mg/rat CD and, 11 days later, to intraperitoneal &#946;-naphthoflavone (BNF), a PAH.<CoreSc1 atype="GSC" type="Exp" conceptID="Exp1" novelty="None" advantage="None"/></s>
              <s sid="8">In another group of rats exposed to CD and BNF, caspase activity was inhibited by injection of the pan-caspase inhibitor Q-VD-OPH [quinoline-Val-Asp (OMe)-CH<sub>2</sub>-OPH].<CoreSc1 atype="GSC" type="Exp" conceptID="Exp2" novelty="None" advantage="None"/></s>
            </p>
          </sec>
          <sec>
            <title>Results</title>
            <p>
              <s sid="9">In rats exposed to BNF, CD exposure increased alveolar expression of the proapoptotic mediator Bax but decreased CYP1A1 induction relative to BNF exposure alone.<CoreSc1 atype="GSC" type="Res" conceptID="Res2" novelty="None" advantage="None"/></s>
              <s sid="10">Pan-caspase inhibition decreased CD-associated Bax expression and apoptosis but did not restore CYP1A1 activity.<CoreSc1 atype="GSC" type="Res" conceptID="Res3" novelty="None" advantage="None"/></s>
              <s sid="11">Further, CD-induced lung inflammation and alveolar epithelial cell hypertrophy and hyperplasia were not suppressed by caspase inhibition.<CoreSc1 atype="GSC" type="Res" conceptID="Res4" novelty="None" advantage="None"/></s>
            </p>
          </sec>
          <sec>
            <title>Conclusions</title>
            <p>
              <s sid="12">Combined BNF and CD exposure increased Bax expression and apoptosis in the lung, but Bax and apoptosis were not the major determinants of early lung injury in this model.<CoreSc1 atype="GSC" type="Con" conceptID="Con1" novelty="None" advantage="None"/></s>
            </p>
          </sec>
        </abstract>
        <kwd-group>
          <kwd>apoptosis</kwd>
          <kwd>Bax</kwd>
          <kwd>caspase</kwd>
          <kwd>coal dust</kwd>
          <kwd>CYP1A1</kwd>
          <kwd>CYP2B1</kwd>
          <kwd>modifiers</kwd>
          <kwd>polycyclic aromatic hydrocarbons</kwd>
          <kwd>pneumoconiosis</kwd>
          <kwd>xenobiotic metabolism</kwd>
        </kwd-group>
      </article-meta>
    </front>
    <body>
      <p>
        <s sid="13">Coal miners are commonly exposed to coal dust (CD) and polycyclic aromatic hydrocarbons (PAHs).<CoreSc1 atype="GSC" type="Bac" conceptID="Bac5" novelty="None" advantage="None"/></s>
        <s sid="14">The CD originates within the mine, whereas the PAHs are components of occupational and avocational exposures such as diesel engine exhaust and cigarette smoke.<CoreSc1 atype="GSC" type="Obj" conceptID="Obj1" novelty="None" advantage="None"/></s>
        <s sid="15">The CD exposure can cause coal workers&#8217; pneumoconiosis, a disease of coal miners characterized by the aggregation of dust-laden macrophages near the respiratory bronchioles to form structures known as macules.<CoreSc1 atype="GSC" type="Bac" conceptID="Bac6" novelty="None" advantage="None"/></s>
        <s sid="16">Inflammation is a consistent feature of the pulmonary response to respirable CD (<xref ref-type="bibr" rid="b8-ehp0114-001367">Ghanem et al. 2004</xref>; <xref ref-type="bibr" rid="b19-ehp0114-001367">Rom et al. 1987</xref>).<CoreSc1 atype="GSC" type="Bac" conceptID="Bac7" novelty="None" advantage="None"/></s>
        <s sid="17">Although chronic inflammation is increasingly believed to play a role in carcinogenesis in many tissues (<xref ref-type="bibr" rid="b17-ehp0114-001367">Marx 2004</xref>), the role of particle-induced inflammation in pulmonary carcinogenesis, the influence of particle-induced inflammation on the metabolism of PAHs and other known carcinogens, and the histopathologic alterations produced by combined exposure to CD and PAHs remain incompletely investigated.<CoreSc1 atype="GSC" type="Mot" conceptID="Mot1" novelty="None" advantage="None"/><CoreSc2 atype="GSC" type="Bac" conceptID="Bac8" novelty="None" advantage="None"/></s>
      </p>
      <p>
        <s sid="18">PAHs are metabolized to reactive intermediates by cytochrome P450 1 (CYP1) gene products.<CoreSc1 atype="GSC" type="Bac" conceptID="Bac9" novelty="None" advantage="None"/></s>
        <s sid="19">Recently, our laboratory has demonstrated that respirable CD inhibits PAH-induced CYP1A1 activity in the lung of rats.<CoreSc1 atype="GSC" type="Bac" conceptID="Bac10" novelty="None" advantage="None"/></s>
        <s sid="20">The down-regulation of CYP1A1 induction was associated with inflammation (<xref ref-type="bibr" rid="b8-ehp0114-001367">Ghanem et al. 2004</xref>).<CoreSc1 atype="GSC" type="Bac" conceptID="Bac11" novelty="None" advantage="None"/></s>
        <s sid="21">This information suggests that CD may modify the metabolism of PAHs in the lung.<CoreSc1 atype="GSC" type="Hyp" conceptID="Hyp2" novelty="None" advantage="None"/></s>
        <s sid="22">However, molecular changes that are associated with CD exposure and resulting pulmonary inflammation and down-regulation of CYP1A1 induction have not yet been identified.<CoreSc1 atype="GSC" type="Mot" conceptID="Mot2" novelty="None" advantage="None"/></s>
        <s sid="23">In an experimental model of another pneumoconiosis, silicosis, caspase inhibition with resulting apoptosis down-regulation reduces silica-induced inflammation (<xref ref-type="bibr" rid="b2-ehp0114-001367">Borges et al. 2002</xref>).<CoreSc1 atype="GSC" type="Bac" conceptID="Bac12" novelty="None" advantage="None"/></s>
        <s sid="24">Caspases play an important role in both the intrinsic and extrinsic apoptotic pathways (<xref ref-type="bibr" rid="b6-ehp0114-001367">Droin and Green 2004</xref>), making their inhibition an elegant tool for investigating the overall role of caspase-dependent apoptosis in the pneumoconioses (<xref ref-type="bibr" rid="b2-ehp0114-001367">Borges et al. 2002</xref>).<CoreSc1 atype="GSC" type="Bac" conceptID="Bac13" novelty="None" advantage="None"/></s>
        <s sid="25">Because apoptosis is believed to play an essential role in the inflammation associated with one pneumoconiosis, acute silicosis, and because inflammation increased as CYP1A1 activity decreased in the rat model of coal workers&#8217; pneumoconiosis (<xref ref-type="bibr" rid="b8-ehp0114-001367">Ghanem et al. 2004</xref>), we investigated the hypothesis that apoptosis plays a critical role in lung injury and down-regulation of CYP1A1 induction in mixed exposures to CD and the model PAH &#946;-naphthoflavone (BNF).<CoreSc1 atype="GSC" type="Hyp" conceptID="Hyp3" novelty="None" advantage="None"/><CoreSc2 atype="GSC" type="Obj" conceptID="Obj2" novelty="None" advantage="None"/></s>
      </p>
      <sec sec-type="materials|methods">
        <title>Materials and Methods</title>
        <sec>
          <title>Animals</title>
          <p>
            <s sid="26">Male Sprague-Dawley rats [Hla(SD)CVF] were purchased from Hilltop Labs (Scottdale, PA) and kept in a barrier animal facility approved by the Association for Assessment and Accreditation of Laboratory Animal Care International.<CoreSc1 atype="GSC" type="Exp" conceptID="Exp3" novelty="None" advantage="None"/></s>
            <s sid="27">Food and water were supplied <italic>ad libitum</italic>.<CoreSc1 atype="GSC" type="Exp" conceptID="Exp4" novelty="None" advantage="None"/></s>
            <s sid="28">Rats were housed in ventilated shoebox cages on autoclaved hardwood (Beta-Chip; Northeastern Products Inc., Warrensburg, NY) and cellulose bedding (ALPHA-dri; Shepherd Specialty Papers, Watertown, TN) in filtered, ventilated cage racks (Thoren Caging System Inc., Hazleton, PA).<CoreSc1 atype="GSC" type="Exp" conceptID="Exp5" novelty="None" advantage="None"/></s>
            <s sid="29">Rats were acclimatized for 1 week before experiments.<CoreSc1 atype="GSC" type="Exp" conceptID="Exp6" novelty="None" advantage="None"/></s>
            <s sid="30">The animals were treated humanely and with regard for alleviation of suffering.<CoreSc1 atype="GSC" type="Exp" conceptID="Exp7" novelty="None" advantage="None"/></s>
            <s sid="31">The experimental protocol was reviewed and approved by the Institutional Animal Care and Use Committee.<CoreSc1 atype="GSC" type="Exp" conceptID="Exp8" novelty="None" advantage="None"/></s>
          </p>
        </sec>
        <sec sec-type="methods">
          <title>Experimental design</title>
          <p>
            <s sid="32">We conducted two separate experiments as part of this study.<CoreSc1 atype="GSC" type="Met" conceptID="Met1" novelty="None" advantage="None"/></s>
            <s sid="33">The first experiment was a 2-week CD dose&#8211;response experiment, in which we randomized 40 male Sprague-Dawley rats (220&#8211;270 g body weight at time of exposure) into five groups (eight rats per group) using a JavaScript random-number&#8211;generating program (Research Randomizer; <xref ref-type="bibr" rid="b21-ehp0114-001367">Urbaniak and Plous 2003</xref>).<CoreSc1 atype="GSC" type="Exp" conceptID="Exp9" novelty="None" advantage="None"/></s>
            <s sid="34">We intratracheally (IT) instilled 0.0, 2.5, 10.0, 20.0, or 40.0 mg/rat CD suspended in sterile saline to model CD exposures of coal miners as revealed in autopsy studies (<xref ref-type="bibr" rid="b5-ehp0114-001367">Douglas et al. 1986</xref>; <xref ref-type="bibr" rid="b12-ehp0114-001367">Kuempel et al. 2001</xref>).<CoreSc1 atype="GSC" type="Exp" conceptID="Exp10" novelty="None" advantage="None"/></s>
            <s sid="35">Eleven days later, we intraperitoneally (IP) injected the classic CYP1A1 inducer BNF (50 mg/kg) in all rats to model the PAH-exposed lung.<CoreSc1 atype="GSC" type="Exp" conceptID="Exp11" novelty="None" advantage="None"/></s>
            <s sid="36">Two weeks after CD exposure, rats were euthanized by an overdose of sodium pentobarbital.<CoreSc1 atype="GSC" type="Exp" conceptID="Exp12" novelty="None" advantage="None"/></s>
            <s sid="37">This experiment determined the relationship between CD exposure and expression of the apoptosis mediator Bax.<CoreSc1 atype="GSC" type="Obj" conceptID="Obj3" novelty="None" advantage="None"/></s>
            <s sid="38">This study also localized Bax expression relative to the expression of CYP1A1 and cytokeratin 8/18, an alveolar type II cell marker.<CoreSc1 atype="GSC" type="Obj" conceptID="Obj4" novelty="None" advantage="None"/></s>
          </p>
          <p>
            <s sid="39">The second experiment was designed to inhibit apoptosis in rats exposed to CD and BNF.<CoreSc1 atype="GSC" type="Met" conceptID="Met2" novelty="None" advantage="None"/><CoreSc2 atype="GSC" type="Goa" conceptID="Goa1" novelty="None" advantage="None"/></s>
            <s sid="40">In this experiment, we randomized 24 male Sprague-Dawley rats (67&#8211;93 g body weight at time of exposure) into four groups (<xref ref-type="table" rid="t1-ehp0114-001367">Table 1</xref>).<CoreSc1 atype="GSC" type="Exp" conceptID="Exp13" novelty="None" advantage="None"/></s>
            <s sid="41">We instilled each rat IT with either CD (40 mg/rat) suspended in 0.3 mL saline or saline alone (controls).<CoreSc1 atype="GSC" type="Exp" conceptID="Exp14" novelty="None" advantage="None"/></s>
            <s sid="42">To inhibit apoptosis, we injected the rats IP with the caspase inhibitor Q-VD-OPH [quinoline-Val-Asp(OMe)-CH<sub>2</sub>-OPH; 15 mg/kg] dissolved in the vehicle [dimethylsulfoxide (DMSO)] or the vehicle alone (controls) on the day of CD exposure.<CoreSc1 atype="GSC" type="Exp" conceptID="Exp15" novelty="None" advantage="None"/><CoreSc2 atype="GSC" type="Goa" conceptID="Goa2" novelty="None" advantage="None"/></s>
            <s sid="43">We injected 10 mg/kg Q-VD-OPH on days 5, 9, 10, 11, 12, and 13 postexposure to maintain caspase inhibition, whereas controls received injections of the vehicle.<CoreSc1 atype="GSC" type="Exp" conceptID="Exp16" novelty="None" advantage="None"/></s>
            <s sid="44">Eleven days after CD exposure, we induced CYP1A1 in all rats by IP injection of BNF (50 mg/kg) in corn oil.<CoreSc1 atype="GSC" type="Exp" conceptID="Exp17" novelty="None" advantage="None"/></s>
            <s sid="45">This allowed us to determine if apoptosis was etiologically associated with lung changes seen in CD-exposed rats, including <italic>a</italic>) suppression of CYP1A1 activity and CYP1A1 tissue expression, <italic>b</italic>) suppression of CYP2B1 activity, and <italic>c</italic>) histopathologic alterations in lung tissue.<CoreSc1 atype="GSC" type="Goa" conceptID="Goa3" novelty="None" advantage="None"/></s>
            <s sid="46">In addition, we evaluated Bax expression and apoptosis to determine the efficacy of <italic>in vivo</italic> caspase inhibition with Q-VD-OPH.<CoreSc1 atype="GSC" type="Goa" conceptID="Goa4" novelty="None" advantage="None"/><CoreSc2 atype="GSC" type="Met" conceptID="Met3" novelty="None" advantage="None"/></s>
          </p>
        </sec>
        <sec>
          <title>Preparation of CD suspension</title>
          <p>
            <s sid="47">CD particles from the Pittsburgh coal seam were a generous gift from V. Vallyathan (National Institute for Occupational Safety and Health).<CoreSc1 atype="GSC" type="Exp" conceptID="Exp18" novelty="None" advantage="None"/></s>
            <s sid="48">These were separated and characterized as previously described (<xref ref-type="bibr" rid="b23-ehp0114-001367">Vallyathan et al. 1988</xref>).<CoreSc1 atype="GSC" type="Met" conceptID="Met4" novelty="None" advantage="None"/></s>
            <s sid="49">The particles were representative low-silica&#8211;content CD particles, with 2.3% of the particles numerically being silica.<CoreSc1 atype="GSC" type="Obj" conceptID="Obj5" novelty="None" advantage="None"/></s>
            <s sid="50">The CD particles were &lt; 5 &#956;m in diameter with a surface area of 7.4 m<sup>2</sup>/g and a mass median aerodynamic diameter of 3.4 &#956;m.<CoreSc1 atype="GSC" type="Obj" conceptID="Obj6" novelty="None" advantage="None"/></s>
            <s sid="51">The particles contained 0.34% total iron with a 0.119% surface iron content.<CoreSc1 atype="GSC" type="Obj" conceptID="Obj7" novelty="None" advantage="None"/></s>
            <s sid="52">We sterilized the particles in an oven at 160&#176;C for 2 hr.<CoreSc1 atype="GSC" type="Exp" conceptID="Exp19" novelty="None" advantage="None"/></s>
            <s sid="53">We freshly suspended the sterile CD particles in nonpyrogenic sterile 0.9% saline (Abbott Laboratories, North Chicago, IL) by vortexing and shaking before instillation.<CoreSc1 atype="GSC" type="Exp" conceptID="Exp20" novelty="None" advantage="None"/></s>
          </p>
        </sec>
        <sec>
          <title>Preparation of apoptosis inhibitor Q-VD-OPH</title>
          <p>
            <s sid="54">We prepared solutions of 2% (wt/wt) Q-VD-OPH (Enzyme Systems Products Inc., Livermore, CA) in endotoxin-free DMSO (Sigma Chemical Co., St. Louis, MO).<CoreSc1 atype="GSC" type="Exp" conceptID="Exp21" novelty="None" advantage="None"/></s>
          </p>
        </sec>
        <sec>
          <title>Preparation of BNF</title>
          <p>
            <s sid="55">We prepared a 50 mg/mL suspension of BNF (Sigma-Aldrich, St. Louis, MO) as previously described (<xref ref-type="bibr" rid="b8-ehp0114-001367">Ghanem et al. 2004</xref>).<CoreSc1 atype="GSC" type="Exp" conceptID="Exp22" novelty="None" advantage="None"/></s>
          </p>
        </sec>
        <sec>
          <title>Necropsy of rats</title>
          <p>
            <s sid="56">Rats were euthanized by IP injection of sodium pentobarbital (&#8805; 100 mg/kg) (Sleepaway; Fort Dodge Animal Health, Fort Dodge, IA) 2 weeks after CD instillation.<CoreSc1 atype="GSC" type="Exp" conceptID="Exp23" novelty="None" advantage="None"/></s>
            <s sid="57">The right mainstem bronchus was ligated, and right lung lobes were collected and immediately placed on ice for isolation of microsomes.<CoreSc1 atype="GSC" type="Exp" conceptID="Exp24" novelty="None" advantage="None"/></s>
            <s sid="58">The left lung lobe was inflated with 3.0 mL of 10% neutral buffered formalin, trimmed the same day, processed in a tissue processor overnight, and embedded in paraffin the following morning.<CoreSc1 atype="GSC" type="Exp" conceptID="Exp25" novelty="None" advantage="None"/></s>
          </p>
        </sec>
        <sec>
          <title>Measurement of CYP1A1 and CYP2B1 protein and activity</title>
          <p>
            <s sid="59">Microsomes were prepared as previously described (<xref ref-type="bibr" rid="b16-ehp0114-001367">Ma et al. 2002</xref>).<CoreSc1 atype="GSC" type="Met" conceptID="Met5" novelty="None" advantage="None"/></s>
            <s sid="60">We measured 7-ethoxyresorufin-<italic>O</italic>-deethylase (EROD) and 7-pentoxyresorufin-<italic>O</italic>-deethylase (PROD) activities as previously described (<xref ref-type="bibr" rid="b3-ehp0114-001367">Burke et al. 1985</xref>; <xref ref-type="bibr" rid="b16-ehp0114-001367">Ma et al. 2002</xref>).<CoreSc1 atype="GSC" type="Met" conceptID="Met6" novelty="None" advantage="None"/></s>
            <s sid="61">We conducted lung microsome Western blots as previously described (<xref ref-type="bibr" rid="b8-ehp0114-001367">Ghanem et al. 2004</xref>) with minor adaptation by using a 15-well Novex tris glycine gel (Invitrogen Life Technologies, Carlsbad, CA) and 30 &#956;g protein.<CoreSc1 atype="GSC" type="Exp" conceptID="Exp26" novelty="None" advantage="None"/><CoreSc2 atype="GSC" type="Met" conceptID="Met7" novelty="None" advantage="None"/></s>
            <s sid="62">Densitometry values were expressed as the percentage of the CYP1A1- or CYP2B1-positive controls.<CoreSc1 atype="GSC" type="Met" conceptID="Met8" novelty="None" advantage="None"/></s>
          </p>
        </sec>
        <sec>
          <title>Bax immunofluorescence</title>
          <p>
            <s sid="63">We deparaffinized lung sections and blocked nonspecific binding as previously described (<xref ref-type="bibr" rid="b8-ehp0114-001367">Ghanem et al. 2004</xref>).<CoreSc1 atype="GSC" type="Met" conceptID="Met9" novelty="None" advantage="None"/></s>
            <s sid="64">We rinsed the slides with distilled water and incubated them with a 1:20 dilution of affinity-purified polyclonal rabbit anti-Bax antibody (sc-526; Santa Cruz Biotechnology Inc., Santa Cruz, CA) overnight at room temperature followed by 2 hr at 37&#176;C.<CoreSc1 atype="GSC" type="Exp" conceptID="Exp27" novelty="None" advantage="None"/></s>
            <s sid="65">Alexa 594-conjugated goat anti-rabbit antibody (Molecular Probes, Eugene, OR) was the secondary antibody.<CoreSc1 atype="GSC" type="Exp" conceptID="Exp28" novelty="None" advantage="None"/></s>
            <s sid="66">Nonimmune rabbit serum (BioGenex, San Ramon, CA) was used for the negative control.<CoreSc1 atype="GSC" type="Exp" conceptID="Exp29" novelty="None" advantage="None"/></s>
          </p>
        </sec>
        <sec>
          <title>Immunofluorescence for CYP1A1 and cytokeratin 8/18</title>
          <p>
            <s sid="67">We conducted double-label immunofluorescence for localization of CYP1A1 and cytokeratin 8/18 as previously described (<xref ref-type="bibr" rid="b8-ehp0114-001367">Ghanem et al. 2004</xref>).<CoreSc1 atype="GSC" type="Met" conceptID="Met10" novelty="None" advantage="None"/></s>
          </p>
        </sec>
        <sec>
          <title>Triple-label immunofluorescence for Bax, CYP1A1, and cytokeratin 8/18</title>
          <p>
            <s sid="68">Triple-label immunofluorescence for Bax, CYP1A1, and cytokeratin 8/18 localizes the expression of Bax and CYP1A1 in alveolar type II cells (alveolar type II cells contain abundant cytokeratin 8 and cytokeratin 18).<CoreSc1 atype="GSC" type="Met" conceptID="Met11" novelty="None" advantage="None"/></s>
            <s sid="69">We simultaneously applied polyclonal antibodies for Bax (rabbit anti-Bax; Santa Cruz Biotechnology), CYP1A1 (goat anti-CYP1A1; Santa Cruz Biotechnology), and cytokeratin 8/18 (guinea pig anti-cytokeratin 8/18; Research Diagnostics, Flanders, NJ) at dilutions of 1:20, 1:10, and 1:5, respectively, and incubated the slides overnight in a humidified chamber at room temperature followed by 2 hr at 37&#176;C.<CoreSc1 atype="GSC" type="Exp" conceptID="Exp30" novelty="None" advantage="None"/></s>
            <s sid="70">The slides were then incubated with a secondary antibody mixture containing Alexa 594-conjugated donkey anti-rabbit IgG (Molecular Probes), Alexa 350-conjugated donkey anti-goat IgG (Molecular Probes), and fluorescein isothiocyanate&#8211;labeled donkey anti-guinea pig IgG (Research Diagnostics) antibodies for detection of Bax, CYP1A1, and cytokeratin 8/18, respectively.<CoreSc1 atype="GSC" type="Exp" conceptID="Exp31" novelty="None" advantage="None"/></s>
            <s sid="71">When viewed with the fluorescent microscope, Bax appears red, CYP1A1 appears blue, and cytokeratin 8/18 appears green.<CoreSc1 atype="GSC" type="Exp" conceptID="Exp32" novelty="None" advantage="None"/></s>
          </p>
        </sec>
        <sec>
          <title>Immunofluorescence digital imaging</title>
          <p>
            <s sid="72">We examined the slides with an Olympus fluorescent photomicroscope (Olympus AX70; Olympus American Inc., Lake Success, NY) using three filters: green (460&#8211;500 nm excitation), red (532.5&#8211;587.5 nm excitation) and blue (460&#8211;500 nm excitation).<CoreSc1 atype="GSC" type="Exp" conceptID="Exp33" novelty="None" advantage="None"/></s>
            <s sid="73">For each emission wavelength, we photographed five images from the proximal alveolar region, which are alveoli located near the first alveolar ducts from the terminal bronchioles, the alveolar region most affected by particle deposition.<CoreSc1 atype="GSC" type="Exp" conceptID="Exp34" novelty="None" advantage="None"/></s>
            <s sid="74">We used a Quantix digital camera (Quantix Photometrics, Tucson, AZ) with QED camera plug-in software (QED Imaging Inc., Pittsburgh, PA), and held contrast, brightness and gamma settings constant.<CoreSc1 atype="GSC" type="Exp" conceptID="Exp35" novelty="None" advantage="None"/></s>
          </p>
        </sec>
        <sec>
          <title>Quantifying Bax immunofluorescence</title>
          <p>
            <s sid="75">We measured the area of Bax immunofluorescence in the alveolar septum using a MetaMorph Imaging System (Molecular Devices Corp., Downingtown, PA).<CoreSc1 atype="GSC" type="Exp" conceptID="Exp36" novelty="None" advantage="None"/></s>
            <s sid="76">In addition, we counted the number of cells expressing Bax per 40&#215; field.<CoreSc1 atype="GSC" type="Exp" conceptID="Exp37" novelty="None" advantage="None"/></s>
          </p>
        </sec>
        <sec>
          <title>Triple-label immunofluorescence morphometry</title>
          <p>
            <s sid="77">We used the MetaMorph Imaging System to measure the area of alveolar tissue labeled by fluorochromes indicating expression of Bax (red), CYP1A1 (blue), and cytokeratin 8/18 (green).<CoreSc1 atype="GSC" type="Exp" conceptID="Exp38" novelty="None" advantage="None"/></s>
            <s sid="78">We also measured the co-localization of Bax, CYP1A1, and cytokeratin 8/18.<CoreSc1 atype="GSC" type="Exp" conceptID="Exp39" novelty="None" advantage="None"/></s>
            <s sid="79">Proportional CYP1A1 expression in alveolar type II cells corrected for particle-induced increases in the cells and was the area of blue fluorescence (representing CYP1A1) co-localized with green (representing cytokeratin 8/18) divided by the total green area.<CoreSc1 atype="GSC" type="Obj" conceptID="Obj8" novelty="None" advantage="None"/></s>
            <s sid="80">In each 40&#215; microscopic field, we also counted the number of alveolar type II cells expressing Bax (red cells) and the number of alveolar type II cells expressing both CYP1A1 and Bax.<CoreSc1 atype="GSC" type="Obj" conceptID="Obj9" novelty="None" advantage="None"/></s>
          </p>
        </sec>
        <sec>
          <title>TUNEL assay</title>
          <p>
            <s sid="81">We conducted terminal deoxynucleotidyl transferase-mediated dUTP nick end-labeling (TUNEL) as previously described (<xref ref-type="bibr" rid="b7-ehp0114-001367">Gavrieli et al. 1992</xref>) using a TUNEL assay kit (Promega, Madison, WI).<CoreSc1 atype="GSC" type="Exp" conceptID="Exp40" novelty="None" advantage="None"/></s>
            <s sid="82">Briefly, we incubated deparaffinized slides with the terminal deoxynucleotidyl transferase enzyme and the nucleotide mix.<CoreSc1 atype="GSC" type="Exp" conceptID="Exp41" novelty="None" advantage="None"/></s>
            <s sid="83">We applied propidium iodide as a counterstain.<CoreSc1 atype="GSC" type="Exp" conceptID="Exp42" novelty="None" advantage="None"/></s>
            <s sid="84">For a positive control, we incubated slides with DNase 1 (Sigma-Aldrich) and for a negative control, we incubated slides without the terminal deoxynucleotidyl transferase enzyme.<CoreSc1 atype="GSC" type="Exp" conceptID="Exp43" novelty="None" advantage="None"/></s>
          </p>
        </sec>
        <sec>
          <title>Histopathology</title>
          <p>
            <s sid="85">A board-certified veterinary pathologist (A.F.H.) evaluated the lung sections while blinded to the exposure status.<CoreSc1 atype="GSC" type="Met" conceptID="Met12" novelty="None" advantage="None"/></s>
            <s sid="86">Histopathologic changes were semiquantitatively scored on a scale ranging from 0 to 5 for both severity and distribution to produce a sum pathology score of 0 to 10 for each slide (<xref ref-type="bibr" rid="b10-ehp0114-001367">Hubbs et al. 1997</xref>).<CoreSc1 atype="GSC" type="Met" conceptID="Met13" novelty="None" advantage="None"/></s>
          </p>
        </sec>
        <sec sec-type="results">
          <title>Statistics</title>
          <p>
            <s sid="87">We analyzed data using SAS/STAT software (version 8.2 of SAS System for Windows; SAS Institute Inc., Cary, NC).<CoreSc1 atype="GSC" type="Met" conceptID="Met14" novelty="None" advantage="None"/></s>
            <s sid="88">For Bax area and Bax-labeled cells per field, we used the Proc Reg procedure.<CoreSc1 atype="GSC" type="Met" conceptID="Met15" novelty="None" advantage="None"/></s>
            <s sid="89">We analyzed variables in the CD response study with a one-factor analysis of variance (ANOVA) using the Proc Mixed procedure.<CoreSc1 atype="GSC" type="Met" conceptID="Met16" novelty="None" advantage="None"/></s>
            <s sid="90">We analyzed effects of the caspase inhibitor using a two-factor ANOVA and compared different alveolar regions using a three-factor split-unit ANOVA using Proc Mixed.<CoreSc1 atype="GSC" type="Met" conceptID="Met17" novelty="None" advantage="None"/></s>
            <s sid="91">We used Fisher&#8217;s least significant difference test for all post hoc pairwise comparisons.<CoreSc1 atype="GSC" type="Met" conceptID="Met18" novelty="None" advantage="None"/></s>
            <s sid="92">We used the nonparametric Kruskal-Wallis test followed by the Wilcoxon rank-sum test for pairwise comparisons of pathology scores.<CoreSc1 atype="GSC" type="Met" conceptID="Met19" novelty="None" advantage="None"/></s>
            <s sid="93">All results were considered statistically significant at <italic>p</italic> &#8804; 0.05.<CoreSc1 atype="GSC" type="Met" conceptID="Met20" novelty="None" advantage="None"/></s>
          </p>
        </sec>
      </sec>
      <sec sec-type="results">
        <title>Results</title>
        <sec>
          <title>Effect of CD exposures on alveolar Bax expression</title>
          <p>
            <s sid="94">In the proximal alveolar region, CD increased the area of Bax expression in a dose-dependent manner (<italic>r</italic><sup>2</sup> = 0.6541, <italic>p</italic> &#8804; 0.001) (<xref ref-type="fig" rid="f1-ehp0114-001367">Figure 1A</xref>; <xref ref-type="supplementary-material" rid="SD1">Supplemental Figure 1</xref>; available online at <ext-link ext-link-type="uri" xlink:href="http://www.ehponline.org/docs/2006/8906/suppl.pdf" xlink:type="simple">http://www.ehponline.org/docs/2006/8906/suppl.pdf</ext-link>).<CoreSc1 atype="GSC" type="Res" conceptID="Res5" novelty="None" advantage="None"/></s>
            <s sid="95">In addition, the average number of lung cells expressing Bax in the proximal alveolar region was increased in a dose-dependent fashion by CD exposure (<italic>r</italic><sup>2</sup> = 0.903, <italic>p</italic> &#8804; 0.001) (<xref ref-type="fig" rid="f1-ehp0114-001367">Figure 1B</xref>; <xref ref-type="supplementary-material" rid="SD1">Supplemental Material</xref>, Figure 1, available online at <ext-link ext-link-type="uri" xlink:href="http://www.ehponline.org/docs/2006/8906/suppl.pdf" xlink:type="simple">http://www.ehponline.org/docs/2006/8906/suppl.pdf</ext-link>).<CoreSc1 atype="GSC" type="Res" conceptID="Res6" novelty="None" advantage="None"/></s>
          </p>
        </sec>
        <sec>
          <title>Relationship between Bax expression and CYP1A1 induction in CD-exposed rats</title>
          <p>
            <s sid="96">In rats exposed to BNF, CYP1A1 was strongly expressed (<xref ref-type="fig" rid="f2-ehp0114-001367">Figure 2A</xref>); however, CD exposure decreased BNF-induced CYP1A1 expression (<xref ref-type="fig" rid="f2-ehp0114-001367">Figure 2B</xref>).<CoreSc1 atype="GSC" type="Obs" conceptID="Obs1" novelty="None" advantage="None"/></s>
            <s sid="97">In rats exposed to BNF alone, Bax was rarely expressed (<xref ref-type="fig" rid="f2-ehp0114-001367">Figure 2C</xref>), but it was frequently expressed in alveolar cells from rats exposed to CD and BNF (<xref ref-type="fig" rid="f2-ehp0114-001367">Figure 2D</xref>).<CoreSc1 atype="GSC" type="Obs" conceptID="Obs2" novelty="None" advantage="None"/></s>
            <s sid="98">Small numbers of cytokeratin 8/18&#8211;containing alveolar type II cells were observed in rats exposed to BNF alone (<xref ref-type="fig" rid="f2-ehp0114-001367">Figure 2E</xref>).<CoreSc1 atype="GSC" type="Obs" conceptID="Obs3" novelty="None" advantage="None"/></s>
            <s sid="99">CD increased the size and number of alveolar type II cells in BNF-exposed rats (<xref ref-type="fig" rid="f2-ehp0114-001367">Figure 2F</xref>).<CoreSc1 atype="GSC" type="Obs" conceptID="Obs4" novelty="None" advantage="None"/></s>
          </p>
          <p>
            <s sid="100">The percentage of alveolar type II cells coexpressing Bax was marginally increased (<italic>p</italic> = 0.052) with CD exposure (<xref ref-type="fig" rid="f2-ehp0114-001367">Figure 2G</xref>; <xref ref-type="supplementary-material" rid="SD1">Supplemental Material</xref>, Figure 2; available online at <ext-link ext-link-type="uri" xlink:href="http://www.ehponline.org/docs/2006/8906/suppl.pdf" xlink:type="simple">http://www.ehponline.org/docs/2006/8906/suppl.pdf</ext-link>).<CoreSc1 atype="GSC" type="Res" conceptID="Res7" novelty="None" advantage="None"/></s>
            <s sid="101">The percentage of alveolar type II cells that concomitantly expressed both Bax and CYP1A1 was significantly decreased (<italic>p</italic> = 0.02) with increasing CD exposure (<xref ref-type="fig" rid="f2-ehp0114-001367">Figure 2H</xref>; <xref ref-type="supplementary-material" rid="SD1">Supplemental Material</xref>, Figure 2; available online at <ext-link ext-link-type="uri" xlink:href="http://www.ehponline.org/docs/2006/8906/suppl.pdf" xlink:type="simple">http://www.ehponline.org/docs/2006/8906/suppl.pdf</ext-link>), suggesting an inverse relationship between CYP1A1 induction and Bax expression in alveolar type II cells.<CoreSc1 atype="GSC" type="Res" conceptID="Res8" novelty="None" advantage="None"/></s>
          </p>
        </sec>
        <sec>
          <title>Effect of caspase inhibition on proximal alveolar region Bax expression in CD-exposed rats</title>
          <p>
            <s sid="102">In rats exposed to both CD and BNF, Q-VD-OPH significantly reduced the area of Bax expression (<italic>p</italic> &lt; 0.001) (<xref ref-type="fig" rid="f3-ehp0114-001367">Figure 3A&#8211;E</xref>) and the number of cells expressing Bax per field (<italic>p</italic> = 0.001) (<xref ref-type="fig" rid="f3-ehp0114-001367">Figure 3A&#8211;D,F</xref>).<CoreSc1 atype="GSC" type="Res" conceptID="Res9" novelty="None" advantage="None"/></s>
            <s sid="103">However, in BNF-exposed rats, Q-VD-OPH did not completely eliminate CD-associated increases in Bax expression (<xref ref-type="fig" rid="f3-ehp0114-001367">Figure 3D&#8211;F</xref>); the area of Bax expression (<xref ref-type="fig" rid="f3-ehp0114-001367">Figure 3E</xref>) and the number of cells expressing Bax per field (<xref ref-type="fig" rid="f3-ehp0114-001367">Figure 3F</xref>) were significantly increased by CD exposure (<italic>p</italic> = 0.005 and <italic>p</italic> &#8804; 0.001, respectively) despite Q-VD-OPH treatment.<CoreSc1 atype="GSC" type="Res" conceptID="Res10" novelty="None" advantage="None"/></s>
          </p>
        </sec>
        <sec>
          <title>Effect of CD on induced CYP1A1 immunofluorescence: role of caspases</title>
          <p>
            <s sid="104">We evaluated the effect of CD on PAH-induced CYP1A1 within alveoli in rats exposed to BNF (the model PAH) in the alveolar region of the lung most affected by particle deposition, the proximal alveolar region.<CoreSc1 atype="GSC" type="Met" conceptID="Met21" novelty="None" advantage="None"/></s>
            <s sid="105">Within alveolar septa stained for both CYP1A1 and cytokeratin 8/18, the area of BNF-induced CYP1A1 expression localized to cells without the alveolar type II markers (cytokeratin 8/18) was significantly reduced (<italic>p</italic> &#8804; 0.001) by CD exposure (<xref ref-type="fig" rid="f4-ehp0114-001367">Figure 4A</xref>; <xref ref-type="supplementary-material" rid="SD1">Supplemental Material</xref>, Figure 3; available online at <ext-link ext-link-type="uri" xlink:href="http://www.ehponline.org/docs/2006/8906/suppl.pdf" xlink:type="simple">http://www.ehponline.org/docs/2006/8906/suppl.pdf</ext-link>).<CoreSc1 atype="GSC" type="Res" conceptID="Res11" novelty="None" advantage="None"/></s>
            <s sid="106">In addition, the proportional CYP1A1 expression in alveolar type II cells was significantly reduced (<italic>p</italic> = 0.0028) by CD exposure in BNF-injected rats (<xref ref-type="fig" rid="f4-ehp0114-001367">Figure 4B</xref>; <xref ref-type="supplementary-material" rid="SD1">Supplemental Figure 3</xref>, available online at <ext-link ext-link-type="uri" xlink:href="http://www.ehponline.org/docs/2006/8906/suppl.pdf" xlink:type="simple">http://www.ehponline.org/docs/2006/8906/suppl.pdf</ext-link>).<CoreSc1 atype="GSC" type="Res" conceptID="Res12" novelty="None" advantage="None"/></s>
            <s sid="107">Q-VD-OPH did not significantly affect CYP1A1 immunofluorescence in the alveolus of rats exposed to BNF or to BNF and CD (<xref ref-type="fig" rid="f4-ehp0114-001367">Figure 4</xref>).<CoreSc1 atype="GSC" type="Res" conceptID="Res13" novelty="None" advantage="None"/></s>
          </p>
        </sec>
        <sec>
          <title>Effect of caspase inhibition on CD-induced apoptosis and morphologic alterations in BNF-exposed rats</title>
          <p>
            <s sid="108">Histopathologic alterations associated with CD exposure in BNF-treated rats included histiocytic and suppurative alveolitis with accumulation of dark brown particles within the cytoplasm of many alveolar macrophages, and alveolar epithelial cell hypertrophy and hyperplasia (<xref ref-type="fig" rid="f5-ehp0114-001367">Figure 5A</xref>).<CoreSc1 atype="GSC" type="Obs" conceptID="Obs5" novelty="None" advantage="None"/></s>
            <s sid="109">Caspase inhibition did not significantly affect these histopathologic changes of CD- and BNF-exposed rats (<xref ref-type="fig" rid="f5-ehp0114-001367">Figure 5B</xref>,E).<CoreSc1 atype="GSC" type="Res" conceptID="Res14" novelty="None" advantage="None"/></s>
            <s sid="110">We did not observe histopathologic changes in the lungs of rats instilled IT with vehicle control and injected with BNF or BNF and Q-VD-OPH.<CoreSc1 atype="GSC" type="Obs" conceptID="Obs6" novelty="None" advantage="None"/></s>
            <s sid="111">However, CD exposure significantly increased the percentage of apoptotic cells (<italic>p</italic> &#8804; 0.048; <xref ref-type="fig" rid="f5-ehp0114-001367">Figure 5C</xref>) in the proximal alveolar region, whereas caspase inhibition with Q-VD-OPH significantly decreased the percentage of apoptotic cells in the proximal alveolar region of the CD-exposed rats (<italic>p</italic> = 0.013; <xref ref-type="fig" rid="f5-ehp0114-001367">Figure 5D</xref>,F).<CoreSc1 atype="GSC" type="Res" conceptID="Res15" novelty="None" advantage="None"/></s>
            <s sid="112">The proximal alveolar region had a higher percentage of apoptotic cells than did random alveolar regions from rats with the same exposures (<italic>p</italic> = 0.013, <italic>p</italic> &#8804; 0.001, <italic>p</italic> = 0.025, and <italic>p</italic> &lt; 0.001 for saline/BNF/DMSO, CD/BNF/DMSO, saline/BNF/inhibitor, and CD/BNF/inhibitor, respectively; <xref ref-type="fig" rid="f5-ehp0114-001367">Figure 5F</xref>).<CoreSc1 atype="GSC" type="Res" conceptID="Res16" novelty="None" advantage="None"/></s>
          </p>
        </sec>
        <sec>
          <title>Effect of caspase inhibition on EROD and PROD</title>
          <p>
            <s sid="113">Two forms of CYP were selected for evaluation, the PAH-inducible CYP1A1 and the major constitutive isoform of the rat lung, CYP2B1.<CoreSc1 atype="GSC" type="Met" conceptID="Met22" novelty="None" advantage="None"/></s>
            <s sid="114">To determine if Bax expression or apoptosis inhibited the activity of CYP1A1- or CYP2B1-dependent reactions, we measured pulmonary EROD and PROD activity.<CoreSc1 atype="GSC" type="Goa" conceptID="Goa5" novelty="None" advantage="None"/><CoreSc2 atype="GSC" type="Met" conceptID="Met23" novelty="None" advantage="None"/></s>
            <s sid="115">BNF-induced EROD activity was significantly reduced (<italic>p</italic> &#8804; 0.05) in CD-exposed rats but unaffected by the pan-caspase inhibitor Q-VD-OPH (<xref ref-type="fig" rid="f6-ehp0114-001367">Figure 6A</xref>).<CoreSc1 atype="GSC" type="Res" conceptID="Res17" novelty="None" advantage="None"/></s>
            <s sid="116">Also, CD significantly reduced PROD activity in BNF-treated rats, and this effect persisted when caspases were inhibited by Q-VD-OPH (<xref ref-type="fig" rid="f6-ehp0114-001367">Figure 6B</xref>).<CoreSc1 atype="GSC" type="Res" conceptID="Res18" novelty="None" advantage="None"/></s>
          </p>
        </sec>
        <sec>
          <title>Effect of caspase inhibition on CYP1A1 and CYP2B1 Western blots</title>
          <p>
            <s sid="117">CD exposure significantly reduced the amount of CYP1A1 protein in the lungs of BNF-exposed rats (<italic>p</italic> &#8804; 0.05; <xref ref-type="fig" rid="f7-ehp0114-001367">Figure 7</xref>), but the amount of CYP1A1 protein was unaffected by caspase inhibition with Q-VD-OPH (<xref ref-type="fig" rid="f7-ehp0114-001367">Figure 7</xref>).<CoreSc1 atype="GSC" type="Res" conceptID="Res19" novelty="None" advantage="None"/></s>
            <s sid="118">Similarly, the amount of CYP2B1 was not significantly affected by caspase inhibition with Q-VD-OPH (data not shown).<CoreSc1 atype="GSC" type="Res" conceptID="Res20" novelty="None" advantage="None"/></s>
          </p>
        </sec>
      </sec>
      <sec sec-type="discussion">
        <title>Discussion</title>
        <p>
          <s sid="119">High tissue concentrations of respirable CD accumulate in the human lung in coal miners.<CoreSc1 atype="GSC" type="Bac" conceptID="Bac14" novelty="None" advantage="None"/></s>
          <s sid="120">For example, in an autopsy study, the actual measured dust burden (mean &#177; SD) in the lung of nonsmoking coal miners was 16.4 &#177; 8.5 g (<xref ref-type="bibr" rid="b12-ehp0114-001367">Kuempel et al. 2001</xref>).<CoreSc1 atype="GSC" type="Bac" conceptID="Bac15" novelty="None" advantage="None"/></s>
          <s sid="121">However, most epidemiologic studies indicate no increased risk of lung cancer in coal miners (<xref ref-type="bibr" rid="b13-ehp0114-001367">Kuempel et al. 1995</xref>).<CoreSc1 atype="GSC" type="Bac" conceptID="Bac16" novelty="None" advantage="None"/></s>
          <s sid="122">A potential difficulty in interpreting the human lung cancer epidemiology studies of CD is the potential confounding from exposure to tobacco, a known lung carcinogen that contains abundant PAHs.<CoreSc1 atype="GSC" type="Mot" conceptID="Mot3" novelty="None" advantage="None"/></s>
          <s sid="123">This is extremely important in coal miners because in studies where smoking status is known, most coal miners are smokers (<xref ref-type="bibr" rid="b22-ehp0114-001367">Vallyathan et al. 1985</xref>).<CoreSc1 atype="GSC" type="Bac" conceptID="Bac17" novelty="None" advantage="None"/></s>
          <s sid="124">In addition, diesel engine exhaust and other sources of PAHs are present within coal mines.<CoreSc1 atype="GSC" type="Bac" conceptID="Bac18" novelty="None" advantage="None"/></s>
          <s sid="125">In our study, we have confirmed our previous finding that in mixed exposures to CD and PAHs, CD appears to modify PAH metabolism by inhibiting CYP1A1 induction (<xref ref-type="bibr" rid="b8-ehp0114-001367">Ghanem et al. 2004</xref>).<CoreSc1 atype="GSC" type="Bac" conceptID="Bac19" novelty="None" advantage="None"/></s>
          <s sid="126">In the present study, we also found that CD, like many other agents that cause chronic pulmonary inflammation and fibrosis, increases pulmonary apoptosis and increases expression of the pro-apoptotic mediator Bax.<CoreSc1 atype="GSC" type="Con" conceptID="Con2" novelty="None" advantage="None"/></s>
          <s sid="127">Previous studies suggest that apoptosis plays a role in the pathogenesis of a diverse group of fibrosing lung diseases, including diffuse alveolar damage, idiopathic pulmonary fibrosis (<xref ref-type="bibr" rid="b15-ehp0114-001367">Kuwano et al. 1999</xref>), and silicosis (<xref ref-type="bibr" rid="b2-ehp0114-001367">Borges et al. 2002</xref>).<CoreSc1 atype="GSC" type="Bac" conceptID="Bac20" novelty="None" advantage="None"/></s>
        </p>
        <p>
          <s sid="128">In this study, we demonstrate for the first time that <italic>in vivo</italic> treatment with the pan-caspase inhibitor Q-VD-OPH significantly decreases apoptosis and Bax expression in the lung.<CoreSc1 atype="GSC" type="Res" conceptID="Res21" novelty="None" advantage="None"/></s>
          <s sid="129">Because caspases are mediators of apoptosis, decreased apoptosis is an expected result of caspase inhibition (<xref ref-type="bibr" rid="b4-ehp0114-001367">Caserta et al. 2003</xref>).<CoreSc1 atype="GSC" type="Hyp" conceptID="Hyp4" novelty="None" advantage="None"/></s>
          <s sid="130">Although somewhat unexpected, caspase inhibition of Bax expression in our study suggests that caspases play a role in Bax expression in this model.<CoreSc1 atype="GSC" type="Con" conceptID="Con3" novelty="None" advantage="None"/></s>
          <s sid="131">Importantly, immunohistochemical detection of Bax expression in lung correlates well with apoptosis and the expression of other apoptosis mediators (<xref ref-type="bibr" rid="b14-ehp0114-001367">Kuwano et al. 2000</xref>; <xref ref-type="bibr" rid="b18-ehp0114-001367">Plataki et al. 2005</xref>).<CoreSc1 atype="GSC" type="Bac" conceptID="Bac21" novelty="None" advantage="None"/></s>
          <s sid="132">However, the relationship between increased Bax expression in tissue sections and Bax activation has not been investigated thoroughly.<CoreSc1 atype="GSC" type="Mot" conceptID="Mot4" novelty="None" advantage="None"/></s>
        </p>
        <p>
          <s sid="133">CD-associated histopathologic alterations, such as alveolitis and alveolar epithelial cell hypertrophy and hyperplasia, were unaffected by caspase inhibition and decreased apoptosis.<CoreSc1 atype="GSC" type="Bac" conceptID="Bac22" novelty="None" advantage="None"/></s>
          <s sid="134">Other pan-caspase inhibitors, such as <italic>N</italic>-benzyloxy-carbonyl-Val-Ala-Asp-(<italic>O</italic>-methyl)-fluoromethyl ketone and BOC-Asp(<italic>O</italic>-methyl)-fluoromethyl ketone, have been reported to reduce neutrophil accumulation in the lungs of silicotic mice by 50% (<xref ref-type="bibr" rid="b2-ehp0114-001367">Borges et al. 2002</xref>).<CoreSc1 atype="GSC" type="Bac" conceptID="Bac23" novelty="None" advantage="None"/></s>
          <s sid="135">However, in the present study, the principally histiocytic inflammatory reaction in the lungs of CD-exposed rats was not significantly suppressed by the injection of Q-VD-OPH.<CoreSc1 atype="GSC" type="Res" conceptID="Res22" novelty="None" advantage="None"/></s>
          <s sid="136">Because the histopathologic changes associated with silica exposure involve more neutrophils and are more proliferative than CD-induced pulmonary injury (<xref ref-type="bibr" rid="b9-ehp0114-001367">Green 2000</xref>; <xref ref-type="bibr" rid="b11-ehp0114-001367">Kuempel et al. 2003</xref>), these morphologic differences may influence the ability to attenuate silicotic injury through apoptosis inhibition.<CoreSc1 atype="GSC" type="Bac" conceptID="Bac24" novelty="None" advantage="None"/></s>
          <s sid="137">It may also be that the role of apoptosis in CD- and PAH-induced lung injury is similar to the role of apoptosis in oxygen toxicity, where apoptosis contributes to cell death but caspase inhibition does not significantly alter alveolar damage (<xref ref-type="bibr" rid="b1-ehp0114-001367">Barazzone et al. 1998</xref>).<CoreSc1 atype="GSC" type="Hyp" conceptID="Hyp5" novelty="None" advantage="None"/></s>
          <s sid="138">Alternatively, Bax expression and apoptosis in the CD- and PAH-exposed lung may be involved in resolution of lung injury, as has been suggested in the lipopolysaccharide-exposed lung (<xref ref-type="bibr" rid="b24-ehp0114-001367">Wang et al. 2002</xref>).<CoreSc1 atype="GSC" type="Con" conceptID="Con4" novelty="None" advantage="None"/></s>
        </p>
        <p>
          <s sid="139">The present study clearly indicates that apoptosis is not a major contributor to early morphologic injury in the CD- and PAH-exposed rat lung.<CoreSc1 atype="GSC" type="Res" conceptID="Res23" novelty="None" advantage="None"/></s>
          <s sid="140">Changes in cellular mediators or signaling cascades that produce Bax activation and increase apoptosis may have a role in CYP down-regulation.<CoreSc1 atype="GSC" type="Con" conceptID="Con5" novelty="None" advantage="None"/></s>
          <s sid="141">Potential candidates would include mediators of particle-induced inflammation including p53, nitric oxide, nuclear factor-&#954;B (NF-&#954;B), and/or initiators of alveolar epithelial proliferation.<CoreSc1 atype="GSC" type="Con" conceptID="Con6" novelty="None" advantage="None"/></s>
          <s sid="142">Indeed, <italic>in vitro</italic> studies indicate down-regulation of CYP1A1 induction by tumor necrosis factor &#945; and activated NF-&#954;B (<xref ref-type="bibr" rid="b20-ehp0114-001367">Tian et al. 2003</xref>).<CoreSc1 atype="GSC" type="Bac" conceptID="Bac25" novelty="None" advantage="None"/></s>
        </p>
        <p>
          <s sid="143">In summary, our findings indicate that, in mixed exposures to CD and PAHs, CD modifies important processes associated with the pulmonary response to xenobiotics, notably down-regulating xenobiotic metabolism and increasing apoptosis.<CoreSc1 atype="GSC" type="Con" conceptID="Con7" novelty="None" advantage="None"/></s>
          <s sid="144">However, our findings do not support the hypothesis that apoptosis plays a critical role in early lung injury and the down-regulation of CYP1A1 induction in mixed exposures to CD and PAHs.<CoreSc1 atype="GSC" type="Con" conceptID="Con8" novelty="None" advantage="None"/></s>
          <s sid="145">Therefore, suppression of CYP2B1 and inducible CYP1A1 following CD and PAH exposure is associated with, but not caused by, up-regulation of Bax expression and apoptosis of alveolar cells.<CoreSc1 atype="GSC" type="Con" conceptID="Con9" novelty="None" advantage="None"/></s>
        </p>
      </sec>
      <sec sec-type="display-objects">
        <title>Figures and Tables</title>
        <fig id="f1-ehp0114-001367" position="float">
          <label>Figure 1</label>
          <caption>
            <p>Quantification (mean &#177; SE) of Bax expression in the proximal alveolar region with increasing CD exposure in BNF-exposed rats. (<italic>A</italic>) Area of Bax expression. (<italic>B</italic>) The number of cells positive for Bax.</p>
            <p>*Significantly different from saline/BNF (<italic>p</italic> &#8804; 0.05).</p>
          </caption>
          <graphic alt-version="no" position="float" xlink:href="info:doi/10.1289/ehp.8906.g001" xlink:type="simple"/>
        </fig>
        <fig id="f2-ehp0114-001367" position="float">
          <label>Figure 2</label>
          <caption>
            <p>Triple-label immunofluorescence for CYP1A1, Bax, and cytokeratin 8/18 in the BNF-exposed pulmonary alveolus in response to CD exposure. (<italic>A</italic>) CYP1A1 expression in a BNF-exposed rat. (<italic>B</italic>) CYP1A1 expression in a rat exposed to CD and BNF. (<italic>C</italic>) Bax expression in a BNF-exposed rat. (<italic>D</italic>) Increased Bax expression in a CD- and BNF-exposed rat. (<italic>E</italic>) Expression of cytokeratin 8/18 (alveolar type II cell marker) in a BNF-exposed rat. (<italic>F</italic>) Increased expression of cytokeratin 8/18 in a BNF- and CD-exposed rat. Blue fluorescence indicates CYP1A1, red indicates Bax, and green indicates cytokeratin 8/18; bars = 20 &#956;m. (<italic>G</italic>) The percentage of alveolar type II cells expressing Bax is increased by CD exposure. (<italic>H</italic>) The percentage of alveolar type II cells expressing both Bax and CYP1A1 is decreased by CD exposure. Values shown are mean &#177; SE.</p>
            <p>*Significantly different from saline/BNF (<italic>p</italic> &#8804; 0.05).</p>
          </caption>
          <graphic alt-version="no" position="float" xlink:href="info:doi/10.1289/ehp.8906.g002" xlink:type="simple"/>
        </fig>
        <fig id="f3-ehp0114-001367" position="float">
          <label>Figure 3</label>
          <caption>
            <p>Immunofluorescent staining showing suppression of Bax expression by Q-VD-OPH in the proximal alveolar region of rats receiving (<italic>A</italic>) saline/BNF/DMSO, (<italic>B</italic>) saline/BNF/caspase inhibitor, (<italic>C</italic>) CD/BNF/DMSO, or (<italic>D</italic>) CD/BNF/caspase inhibitor. Bars = 20 &#956;m. (<italic>E</italic>) Bax expression area localized to alveolar type II cells. (<italic>F</italic>) The number of Bax-expressing cells. Values shown are mean &#177; SE.</p>
            <p>*Significantly different from saline/BNF (<italic>p</italic> &#8804; 0.05). **Significantly different from corresponding rats not receiving Q-VD-OPH.</p>
          </caption>
          <graphic alt-version="no" position="float" xlink:href="info:doi/10.1289/ehp.8906.g003" xlink:type="simple"/>
        </fig>
        <fig id="f4-ehp0114-001367" position="float">
          <label>Figure 4</label>
          <caption>
            <p>CYP1A1 immunofluorescence (mean &#177; SE) in the alveolar region of BNF-induced rats exposed to CD with and without pan-caspase inhibition by Q-VD-OPH. (<italic>A</italic>) CYP1A1 expression in alveolar cells that are not type II cells. (<italic>B</italic>) Proportional CYP1A1 expression area in alveolar type II cells.</p>
            <p>*Significantly different from saline/BNF (<italic>p</italic> &#8804; 0.05).</p>
          </caption>
          <graphic alt-version="no" position="float" xlink:href="info:doi/10.1289/ehp.8906.g004" xlink:type="simple"/>
        </fig>
        <fig id="f5-ehp0114-001367" position="float">
          <label>Figure 5</label>
          <caption>
            <p>Morphologic features of caspase inhibition in CD-exposed pulmonary alveolus. (<italic>A,B</italic>) Lung photomicrographs demonstrating dust-laden macrophages in alveolar spaces (yellow arrows) and in the interstitium (blue arrows), with hypertrophy and hyperplasia of alveolar type II cells (arrowheads) from (<italic>A</italic>) a CD-exposed rat (CD/BNF/DMSO) and (<italic>B</italic>) a CD-exposed rat following caspase inhibition (CD/BNF/inhibitor). (<italic>C,D</italic>) TUNEL assay showing green fluorescent apoptotic cells (arrows) in (<italic>C</italic>) a CD-exposed rat (CD/BNF/DMSO) and (<italic>D</italic>) a CD-exposed rat after caspase inhibition (CD/BNF/inhibitor); note the decreased number of apoptotic cells compared with (<italic>C</italic>). Bars = 20 &#956;m. (<italic>E</italic>) Semiquantitative histopathology scores with no evidence that caspase inhibition modifies CD-induced alveolitis or alveolar epithelial cell hypertrophy and hyperplasia. (<italic>F</italic>) Apoptosis in BNF-treated rats exposed to IT CD with and without caspase inhibition. Apoptosis is significantly higher in the proximal alveolar (PA) region when compared with random alveolar (RA) regions. CD significantly increased apoptosis; caspase inhibition significantly decreased, but did not entirely abrogate, CD-induced apoptosis. Values shown are mean &#177; SE.</p>
            <p>*Significantly different from random alveolar region (<italic>p</italic> &#8804; 0.05). **Significantly different from corresponding rats not receiving CD. ***Significantly different from corresponding rats not receiving Q-VD-OPH.</p>
          </caption>
          <graphic alt-version="no" position="float" xlink:href="info:doi/10.1289/ehp.8906.g005" xlink:type="simple"/>
        </fig>
        <fig id="f6-ehp0114-001367" position="float">
          <label>Figure 6</label>
          <caption>
            <p>CD significantly decreases both CYP1A1- and CYP2B1-dependent metabolism in the lung, shown by EROD activity (<italic>A</italic>) and PROD activity (<italic>B</italic>) of the BNF-exposed lung. Values shown are mean &#177; SE.</p>
            <p>*Significantly different from rats not exposed to CD (<italic>p</italic> &#8804; 0.05).</p>
          </caption>
          <graphic alt-version="no" position="float" xlink:href="info:doi/10.1289/ehp.8906.g006" xlink:type="simple"/>
        </fig>
        <fig id="f7-ehp0114-001367" position="float">
          <label>Figure 7</label>
          <caption>
            <p>Effect of CD on lung CYP1A1 Western blots. (<italic>A</italic>) Representative Western blots of lung microsomes. In the top panel, lane 1 is the CYP1A1 control, lanes 2&#8211;7 are from BNF-exposed rats, lanes 8&#8211;13 are from BNF- and CD-exposed rats, and lane 14 is the molecular weight marker. In the bottom panel, lane 1 is the CYP1A1 control, lanes 2&#8211;6 are from rats exposed to BNF and caspase inhibitor; lanes 7&#8211;12 are from rats exposed to BNF, CD, and caspase inhibitor; lane 13 is from a rat exposed to both CD and BNF, and lane 14 is the molecular weight marker. (<italic>B</italic>) Densitometry values (mean &#177; SE).</p>
            <p>*Significantly different from rats not exposed to CD (<italic>p</italic> &#8804; 0.05).</p>
          </caption>
          <graphic alt-version="no" position="float" xlink:href="info:doi/10.1289/ehp.8906.g007" xlink:type="simple"/>
        </fig>
        <table-wrap id="t1-ehp0114-001367" position="float">
          <label>Table 1</label>
          <caption>
            <p>The treatment groups, group size, and type of treatment in the caspase inhibitor study.</p>
          </caption>
          <graphic alt-version="no" position="float" xlink:href="info:doi/10.1289/ehp.8906.t001" xlink:type="simple"/>
        </table-wrap>
      </sec>
      <sec>
        <title>Supplemental Material</title>
        <supplementary-material id="SD1" mimetype="application/pdf" position="float" xlink:href="info:doi/10.1289/ehp.8906.s001" xlink:type="simple">
          <label>(393 KB) PDF</label>
          <caption>
            <title/>
          </caption>
        </supplementary-material>
      </sec>
    </body>
    <back>
      <ref-list>
        <title>References</title>
        <ref id="b1-ehp0114-001367">
          <citation citation-type="journal" xlink:type="simple">
            <person-group>
              <name name-style="western">
                <surname>Barazzone</surname>
                <given-names>C</given-names>
              </name>
              <name name-style="western">
                <surname>Horowitz</surname>
                <given-names>S</given-names>
              </name>
              <name name-style="western">
                <surname>Donati</surname>
                <given-names>YR</given-names>
              </name>
              <name name-style="western">
                <surname>Rodriguez</surname>
                <given-names>I</given-names>
              </name>
              <name name-style="western">
                <surname>Piguet</surname>
                <given-names>PF</given-names>
              </name>
            </person-group>
            <year>1998</year>
            <article-title>Oxygen toxicity in mouse lung: pathways to cell death</article-title>
            <source>Am J Respir Cell Mol Biol</source>
            <volume>19</volume>
            <fpage>573</fpage>
            <lpage>581</lpage>
            <pub-id pub-id-type="pmid">9761753</pub-id>
          </citation>
        </ref>
        <ref id="b2-ehp0114-001367">
          <citation citation-type="journal" xlink:type="simple">
            <person-group>
              <name name-style="western">
                <surname>Borges</surname>
                <given-names>VM</given-names>
              </name>
              <name name-style="western">
                <surname>Lopes</surname>
                <given-names>MF</given-names>
              </name>
              <name name-style="western">
                <surname>Falcao</surname>
                <given-names>H</given-names>
              </name>
              <name name-style="western">
                <surname>Leite-Junior</surname>
                <given-names>JH</given-names>
              </name>
              <name name-style="western">
                <surname>Rocco</surname>
                <given-names>PR</given-names>
              </name>
              <name name-style="western">
                <surname>Davidson</surname>
                <given-names>WF</given-names>
              </name>
              <etal/>
            </person-group>
            <year>2002</year>
            <article-title>Apoptosis underlies immuno-pathogenic mechanisms in acute silicosis</article-title>
            <source>Am J Respir Cell Mol Biol</source>
            <volume>27</volume>
            <fpage>78</fpage>
            <lpage>84</lpage>
            <pub-id pub-id-type="pmid">12091249</pub-id>
          </citation>
        </ref>
        <ref id="b3-ehp0114-001367">
          <citation citation-type="journal" xlink:type="simple">
            <person-group>
              <name name-style="western">
                <surname>Burke</surname>
                <given-names>MD</given-names>
              </name>
              <name name-style="western">
                <surname>Thompson</surname>
                <given-names>S</given-names>
              </name>
              <name name-style="western">
                <surname>Elcombe</surname>
                <given-names>CR</given-names>
              </name>
              <name name-style="western">
                <surname>Halpert</surname>
                <given-names>J</given-names>
              </name>
              <name name-style="western">
                <surname>Haaparanta</surname>
                <given-names>T</given-names>
              </name>
              <name name-style="western">
                <surname>Mayer</surname>
                <given-names>RT</given-names>
              </name>
            </person-group>
            <year>1985</year>
            <article-title>Ethoxy-, pentoxy-, and benzyloxyphenoxazones and homologues: a series of substrates to distinguish between different induced cytochromes P-450</article-title>
            <source>J Biochem Pharmacol</source>
            <volume>34</volume>
            <fpage>3337</fpage>
            <lpage>3345</lpage>
          </citation>
        </ref>
        <ref id="b4-ehp0114-001367">
          <citation citation-type="journal" xlink:type="simple">
            <person-group>
              <name name-style="western">
                <surname>Caserta</surname>
                <given-names>TM</given-names>
              </name>
              <name name-style="western">
                <surname>Smith</surname>
                <given-names>AN</given-names>
              </name>
              <name name-style="western">
                <surname>Gultice</surname>
                <given-names>AD</given-names>
              </name>
              <name name-style="western">
                <surname>Reedy</surname>
                <given-names>MA</given-names>
              </name>
              <name name-style="western">
                <surname>Brown</surname>
                <given-names>TL</given-names>
              </name>
            </person-group>
            <year>2003</year>
            <article-title>Q-VD-OPh, a broad spectrum caspase inhibitor with potent antiapoptotic properties</article-title>
            <source>Apoptosis</source>
            <volume>8</volume>
            <fpage>345</fpage>
            <lpage>352</lpage>
            <pub-id pub-id-type="pmid">12815277</pub-id>
          </citation>
        </ref>
        <ref id="b5-ehp0114-001367">
          <citation citation-type="journal" xlink:type="simple">
            <person-group>
              <name name-style="western">
                <surname>Douglas</surname>
                <given-names>AN</given-names>
              </name>
              <name name-style="western">
                <surname>Robertson</surname>
                <given-names>A</given-names>
              </name>
              <name name-style="western">
                <surname>Chapman</surname>
                <given-names>JS</given-names>
              </name>
              <name name-style="western">
                <surname>Ruckley</surname>
                <given-names>VA</given-names>
              </name>
            </person-group>
            <year>1986</year>
            <article-title>Dust exposure, dust recovered from the lung, and associated pathology in a group of British coalminers</article-title>
            <source>Br J Ind Med</source>
            <volume>43</volume>
            <fpage>795</fpage>
            <lpage>801</lpage>
            <pub-id pub-id-type="pmid">3801330</pub-id>
          </citation>
        </ref>
        <ref id="b6-ehp0114-001367">
          <citation citation-type="journal" xlink:type="simple">
            <person-group>
              <name name-style="western">
                <surname>Droin</surname>
                <given-names>NM</given-names>
              </name>
              <name name-style="western">
                <surname>Green</surname>
                <given-names>DR</given-names>
              </name>
            </person-group>
            <year>2004</year>
            <article-title>Role of Bcl-2 family members in immunity and disease</article-title>
            <source>Biochim Biophys Acta</source>
            <volume>1644</volume>
            <fpage>179</fpage>
            <lpage>188</lpage>
            <pub-id pub-id-type="pmid">14996502</pub-id>
          </citation>
        </ref>
        <ref id="b7-ehp0114-001367">
          <citation citation-type="journal" xlink:type="simple">
            <person-group>
              <name name-style="western">
                <surname>Gavrieli</surname>
                <given-names>Y</given-names>
              </name>
              <name name-style="western">
                <surname>Sherman</surname>
                <given-names>Y</given-names>
              </name>
              <name name-style="western">
                <surname>Ben-Sasson</surname>
                <given-names>SA</given-names>
              </name>
            </person-group>
            <year>1992</year>
            <article-title>Identification of programmed cell death in situ via specific labeling of nuclear DNA fragmentation</article-title>
            <source>J Cell Biol</source>
            <volume>119</volume>
            <fpage>493</fpage>
            <lpage>501</lpage>
            <pub-id pub-id-type="pmid">1400587</pub-id>
          </citation>
        </ref>
        <ref id="b8-ehp0114-001367">
          <citation citation-type="journal" xlink:type="simple">
            <person-group>
              <name name-style="western">
                <surname>Ghanem</surname>
                <given-names>MM</given-names>
              </name>
              <name name-style="western">
                <surname>Porter</surname>
                <given-names>D</given-names>
              </name>
              <name name-style="western">
                <surname>Battelli</surname>
                <given-names>LA</given-names>
              </name>
              <name name-style="western">
                <surname>Vallyathan</surname>
                <given-names>V</given-names>
              </name>
              <name name-style="western">
                <surname>Kashon</surname>
                <given-names>ML</given-names>
              </name>
              <name name-style="western">
                <surname>Ma</surname>
                <given-names>JY</given-names>
              </name>
              <etal/>
            </person-group>
            <year>2004</year>
            <article-title>Respirable coal dust particles modify cytochrome P4501A1 (CYP1A1) expression in rat alveolar cells</article-title>
            <source>Am J Resp Cell Mol Biol</source>
            <volume>31</volume>
            <fpage>171</fpage>
            <lpage>183</lpage>
          </citation>
        </ref>
        <ref id="b9-ehp0114-001367">
          <citation citation-type="journal" xlink:type="simple">
            <person-group>
              <name name-style="western">
                <surname>Green</surname>
                <given-names>FHY</given-names>
              </name>
            </person-group>
            <year>2000</year>
            <article-title>Pulmonary responses to inhaled poorly soluble particulate in the human</article-title>
            <source>Inhal Toxicol</source>
            <volume>12</volume>
            <fpage>59</fpage>
            <lpage>95</lpage>
            <pub-id pub-id-type="pmid">10715618</pub-id>
          </citation>
        </ref>
        <ref id="b10-ehp0114-001367">
          <citation citation-type="journal" xlink:type="simple">
            <person-group>
              <name name-style="western">
                <surname>Hubbs</surname>
                <given-names>AF</given-names>
              </name>
              <name name-style="western">
                <surname>Castranova</surname>
                <given-names>V</given-names>
              </name>
              <name name-style="western">
                <surname>Ma</surname>
                <given-names>JY</given-names>
              </name>
              <name name-style="western">
                <surname>Frazer</surname>
                <given-names>DG</given-names>
              </name>
              <name name-style="western">
                <surname>Siegel</surname>
                <given-names>PD</given-names>
              </name>
              <name name-style="western">
                <surname>Ducatman</surname>
                <given-names>BS</given-names>
              </name>
              <etal/>
            </person-group>
            <year>1997</year>
            <article-title>Acute lung injury induced by a commercial leather conditioner</article-title>
            <source>Toxicol Appl Pharmacol</source>
            <volume>143</volume>
            <fpage>37</fpage>
            <lpage>46</lpage>
            <pub-id pub-id-type="pmid">9073590</pub-id>
          </citation>
        </ref>
        <ref id="b11-ehp0114-001367">
          <citation citation-type="journal" xlink:type="simple">
            <person-group>
              <name name-style="western">
                <surname>Kuempel</surname>
                <given-names>ED</given-names>
              </name>
              <name name-style="western">
                <surname>Attfield</surname>
                <given-names>MD</given-names>
              </name>
              <name name-style="western">
                <surname>Vallyathan</surname>
                <given-names>V</given-names>
              </name>
              <name name-style="western">
                <surname>Lapp</surname>
                <given-names>NL</given-names>
              </name>
              <name name-style="western">
                <surname>Hale</surname>
                <given-names>JM</given-names>
              </name>
              <name name-style="western">
                <surname>Smith</surname>
                <given-names>RJ</given-names>
              </name>
              <etal/>
            </person-group>
            <year>2003</year>
            <article-title>Pulmonary inflammation and crystalline silica in respirable coal mine dust: dose response</article-title>
            <source>J Biosci</source>
            <volume>28</volume>
            <fpage>61</fpage>
            <lpage>69</lpage>
            <pub-id pub-id-type="pmid">12682426</pub-id>
          </citation>
        </ref>
        <ref id="b12-ehp0114-001367">
          <citation citation-type="journal" xlink:type="simple">
            <person-group>
              <name name-style="western">
                <surname>Kuempel</surname>
                <given-names>ED</given-names>
              </name>
              <name name-style="western">
                <surname>O&#8217;Flaherty</surname>
                <given-names>EJ</given-names>
              </name>
              <name name-style="western">
                <surname>Stayner</surname>
                <given-names>LT</given-names>
              </name>
              <name name-style="western">
                <surname>Smith</surname>
                <given-names>RJ</given-names>
              </name>
              <name name-style="western">
                <surname>Green</surname>
                <given-names>FH</given-names>
              </name>
              <name name-style="western">
                <surname>Vallyathan</surname>
                <given-names>V</given-names>
              </name>
            </person-group>
            <year>2001</year>
            <article-title>A biomathematical model of particle clearance and retention in the lungs of coal miners</article-title>
            <source>Regul Toxicol Pharmacol</source>
            <volume>34</volume>
            <fpage>69</fpage>
            <lpage>87</lpage>
            <pub-id pub-id-type="pmid">11502158</pub-id>
          </citation>
        </ref>
        <ref id="b13-ehp0114-001367">
          <citation citation-type="journal" xlink:type="simple">
            <person-group>
              <name name-style="western">
                <surname>Kuempel</surname>
                <given-names>ED</given-names>
              </name>
              <name name-style="western">
                <surname>Stayner</surname>
                <given-names>LT</given-names>
              </name>
              <name name-style="western">
                <surname>Attfield</surname>
                <given-names>MD</given-names>
              </name>
              <name name-style="western">
                <surname>Buncher</surname>
                <given-names>CR</given-names>
              </name>
            </person-group>
            <year>1995</year>
            <article-title>Exposure-response analysis of mortality among coal miners in the United States</article-title>
            <source>Am J Ind Med</source>
            <volume>28</volume>
            <fpage>167</fpage>
            <lpage>184</lpage>
            <pub-id pub-id-type="pmid">8585515</pub-id>
          </citation>
        </ref>
        <ref id="b14-ehp0114-001367">
          <citation citation-type="journal" xlink:type="simple">
            <person-group>
              <name name-style="western">
                <surname>Kuwano</surname>
                <given-names>K</given-names>
              </name>
              <name name-style="western">
                <surname>Hagimoto</surname>
                <given-names>N</given-names>
              </name>
              <name name-style="western">
                <surname>Tanaka</surname>
                <given-names>T</given-names>
              </name>
              <name name-style="western">
                <surname>Kawasaki</surname>
                <given-names>M</given-names>
              </name>
              <name name-style="western">
                <surname>Kunitake</surname>
                <given-names>R</given-names>
              </name>
              <name name-style="western">
                <surname>Miyazaki</surname>
                <given-names>H</given-names>
              </name>
              <etal/>
            </person-group>
            <year>2000</year>
            <article-title>Expression of apoptosis-regulatory genes in epithelial cells in pulmonary fibrosis in mice</article-title>
            <source>J Pathol</source>
            <volume>190</volume>
            <fpage>221</fpage>
            <lpage>229</lpage>
            <pub-id pub-id-type="pmid">10657022</pub-id>
          </citation>
        </ref>
        <ref id="b15-ehp0114-001367">
          <citation citation-type="journal" xlink:type="simple">
            <person-group>
              <name name-style="western">
                <surname>Kuwano</surname>
                <given-names>K</given-names>
              </name>
              <name name-style="western">
                <surname>Miyazaki</surname>
                <given-names>H</given-names>
              </name>
              <name name-style="western">
                <surname>Hagimoto</surname>
                <given-names>N</given-names>
              </name>
              <name name-style="western">
                <surname>Kawasaki</surname>
                <given-names>M</given-names>
              </name>
              <name name-style="western">
                <surname>Fujita</surname>
                <given-names>M</given-names>
              </name>
              <name name-style="western">
                <surname>Kunitake</surname>
                <given-names>R</given-names>
              </name>
              <etal/>
            </person-group>
            <year>1999</year>
            <article-title>The involvement of Fas-Fas ligand pathway in fibrosing lung disease</article-title>
            <source>Am J Respir Cell Mol Biol</source>
            <volume>20</volume>
            <fpage>53</fpage>
            <lpage>60</lpage>
            <pub-id pub-id-type="pmid">9870917</pub-id>
          </citation>
        </ref>
        <ref id="b16-ehp0114-001367">
          <citation citation-type="journal" xlink:type="simple">
            <person-group>
              <name name-style="western">
                <surname>Ma</surname>
                <given-names>JY</given-names>
              </name>
              <name name-style="western">
                <surname>Yang</surname>
                <given-names>HM</given-names>
              </name>
              <name name-style="western">
                <surname>Barger</surname>
                <given-names>MW</given-names>
              </name>
              <name name-style="western">
                <surname>Siegel</surname>
                <given-names>PD</given-names>
              </name>
              <name name-style="western">
                <surname>Zhong</surname>
                <given-names>BZ</given-names>
              </name>
              <name name-style="western">
                <surname>Kriech</surname>
                <given-names>AJ</given-names>
              </name>
              <etal/>
            </person-group>
            <year>2002</year>
            <article-title>Alteration of pulmonary cytochrome P-450 system: effect of asphalt fume condensate exposure</article-title>
            <source>J Toxicol Environ Health A</source>
            <volume>65</volume>
            <fpage>1247</fpage>
            <lpage>1260</lpage>
            <pub-id pub-id-type="pmid">12167208</pub-id>
          </citation>
        </ref>
        <ref id="b17-ehp0114-001367">
          <citation citation-type="journal" xlink:type="simple">
            <person-group>
              <name name-style="western">
                <surname>Marx</surname>
                <given-names>J</given-names>
              </name>
            </person-group>
            <year>2004</year>
            <article-title>Cancer Research. Inflammation and cancer: the link grows stronger</article-title>
            <source>Science</source>
            <volume>306</volume>
            <fpage>966</fpage>
            <lpage>968</lpage>
            <pub-id pub-id-type="pmid">15528423</pub-id>
          </citation>
        </ref>
        <ref id="b18-ehp0114-001367">
          <citation citation-type="journal" xlink:type="simple">
            <person-group>
              <name name-style="western">
                <surname>Plataki</surname>
                <given-names>M</given-names>
              </name>
              <name name-style="western">
                <surname>Koutsopoulos</surname>
                <given-names>AV</given-names>
              </name>
              <name name-style="western">
                <surname>Darivianaki</surname>
                <given-names>K</given-names>
              </name>
              <name name-style="western">
                <surname>Delides</surname>
                <given-names>G</given-names>
              </name>
              <name name-style="western">
                <surname>Siafakas</surname>
                <given-names>NM</given-names>
              </name>
              <name name-style="western">
                <surname>Bouros</surname>
                <given-names>D</given-names>
              </name>
            </person-group>
            <year>2005</year>
            <article-title>Expression of apoptotic and antiapoptotic markers in epithelial cells in idiopathic pulmonary fibrosis</article-title>
            <source>Chest</source>
            <volume>127</volume>
            <fpage>266</fpage>
            <lpage>274</lpage>
            <pub-id pub-id-type="pmid">15653994</pub-id>
          </citation>
        </ref>
        <ref id="b19-ehp0114-001367">
          <citation citation-type="journal" xlink:type="simple">
            <person-group>
              <name name-style="western">
                <surname>Rom</surname>
                <given-names>WN</given-names>
              </name>
              <name name-style="western">
                <surname>Bitterman</surname>
                <given-names>PB</given-names>
              </name>
              <name name-style="western">
                <surname>Rennard</surname>
                <given-names>SI</given-names>
              </name>
              <name name-style="western">
                <surname>Cantin</surname>
                <given-names>A</given-names>
              </name>
              <name name-style="western">
                <surname>Crystal</surname>
                <given-names>RG</given-names>
              </name>
            </person-group>
            <year>1987</year>
            <article-title>Characterization of the lower respiratory tract inflammation of nonsmoking individuals with interstitial lung disease associated with chronic inhalation of inorganic dusts</article-title>
            <source>Am Rev Respir Dis</source>
            <volume>136</volume>
            <fpage>1429</fpage>
            <lpage>1434</lpage>
            <pub-id pub-id-type="pmid">2825569</pub-id>
          </citation>
        </ref>
        <ref id="b20-ehp0114-001367">
          <citation citation-type="journal" xlink:type="simple">
            <person-group>
              <name name-style="western">
                <surname>Tian</surname>
                <given-names>Y</given-names>
              </name>
              <name name-style="western">
                <surname>Ke</surname>
                <given-names>S</given-names>
              </name>
              <name name-style="western">
                <surname>Chen</surname>
                <given-names>M</given-names>
              </name>
              <name name-style="western">
                <surname>Sheng</surname>
                <given-names>T</given-names>
              </name>
            </person-group>
            <year>2003</year>
            <article-title>Interactions between the aryl hydrocarbon receptor and P-TEFb. Sequential recruitment of transcription factors and differential phosphorylation of C-terminal domain of RNA polymerase II at cyp1a1 promoter</article-title>
            <source>J Biol Chem</source>
            <volume>278</volume>
            <fpage>44041</fpage>
            <lpage>44048</lpage>
            <pub-id pub-id-type="pmid">12917420</pub-id>
          </citation>
        </ref>
        <ref id="b21-ehp0114-001367">
          <citation citation-type="other" xlink:type="simple">
            <person-group>
              <name name-style="western">
                <surname>Urbaniak</surname>
                <given-names>GC</given-names>
              </name>
              <name name-style="western">
                <surname>Plous</surname>
                <given-names>S</given-names>
              </name>
            </person-group>
            <year>2003</year>
            <comment>Research Randomizer Homepage. Available: <ext-link ext-link-type="uri" xlink:href="http://www.randomizer.org/" xlink:type="simple">http://www.randomizer.org/</ext-link> [accessed20 May 2003]</comment>
          </citation>
        </ref>
        <ref id="b22-ehp0114-001367">
          <citation citation-type="journal" xlink:type="simple">
            <person-group>
              <name name-style="western">
                <surname>Vallyathan</surname>
                <given-names>V</given-names>
              </name>
              <name name-style="western">
                <surname>Green</surname>
                <given-names>FH</given-names>
              </name>
              <name name-style="western">
                <surname>Rodman</surname>
                <given-names>NF</given-names>
              </name>
              <name name-style="western">
                <surname>Boyd</surname>
                <given-names>CB</given-names>
              </name>
              <name name-style="western">
                <surname>Althouse</surname>
                <given-names>R</given-names>
              </name>
            </person-group>
            <year>1985</year>
            <article-title>Lung carcinoma by histologic type in coal miners</article-title>
            <source>Arch Pathol Lab Med</source>
            <volume>109</volume>
            <fpage>419</fpage>
            <lpage>423</lpage>
            <pub-id pub-id-type="pmid">2985022</pub-id>
          </citation>
        </ref>
        <ref id="b23-ehp0114-001367">
          <citation citation-type="journal" xlink:type="simple">
            <person-group>
              <name name-style="western">
                <surname>Vallyathan</surname>
                <given-names>V</given-names>
              </name>
              <name name-style="western">
                <surname>Schwegler</surname>
                <given-names>D</given-names>
              </name>
              <name name-style="western">
                <surname>Reasor</surname>
                <given-names>M</given-names>
              </name>
              <name name-style="western">
                <surname>Stettler</surname>
                <given-names>L</given-names>
              </name>
              <name name-style="western">
                <surname>Clere</surname>
                <given-names>J</given-names>
              </name>
              <name name-style="western">
                <surname>Green</surname>
                <given-names>FHY</given-names>
              </name>
            </person-group>
            <year>1988</year>
            <article-title>Comparative in vitro cytotoxicity and relative pathogenecity of mineral dusts</article-title>
            <source>Ann Occup Hyg</source>
            <volume>32</volume>
            <fpage>S279</fpage>
            <lpage>S289</lpage>
          </citation>
        </ref>
        <ref id="b24-ehp0114-001367">
          <citation citation-type="journal" xlink:type="simple">
            <person-group>
              <name name-style="western">
                <surname>Wang</surname>
                <given-names>H-C</given-names>
              </name>
              <name name-style="western">
                <surname>Shun</surname>
                <given-names>C-T</given-names>
              </name>
              <name name-style="western">
                <surname>Hsu</surname>
                <given-names>S-M</given-names>
              </name>
              <name name-style="western">
                <surname>Kuo</surname>
                <given-names>S-H</given-names>
              </name>
              <name name-style="western">
                <surname>Luh</surname>
                <given-names>K-T</given-names>
              </name>
              <name name-style="western">
                <surname>Yang</surname>
                <given-names>P-C</given-names>
              </name>
            </person-group>
            <year>2002</year>
            <article-title>Fas/Fas ligand pathway is involved in the resolution of type II pneumocyte hyperplasia after acute lung injury: evidence from a rat model</article-title>
            <source>Crit Care Med</source>
            <volume>30</volume>
            <fpage>1528</fpage>
            <lpage>1534</lpage>
            <pub-id pub-id-type="pmid">12130974</pub-id>
          </citation>
        </ref>
      </ref-list>
      <fn-group>
        <fn>
          <p><xref ref-type="supplementary-material" rid="SD1">Supplemental Material</xref> is available online at <ext-link ext-link-type="uri" xlink:href="http://www.ehponline.org/docs/2006/8906/suppl.pdf" xlink:type="simple">http://www.ehponline.org/docs/2006/8906/suppl.pdf</ext-link></p>
        </fn>
        <fn>
          <p>We thank P. Willard and L. Millecchia for their assistance in imaging and histotechnology.</p>
        </fn>
        <fn>
          <p>This manuscript represents a portion of dissertation research submitted to West Virginia University by M.M.G.</p>
        </fn>
        <fn>
          <p>The Advanced Research Foundation Inc. partially funded a research stipend for M.M.G.</p>
        </fn>
        <fn>
          <p>The findings and conclusions in this report are those of the authors and do not necessarily represent the views of the National Institute for Occupational Safety and Health.</p>
        </fn>
      </fn-group>
    </back>
  </article>
</PAPER>