<PAPER>
  <mode2 name="ehp20_arathi" hasDoc="yes" version="1258"/>
  <article xmlns:mml="http://www.w3.org/1998/Math/MathML" xmlns:xlink="http://www.w3.org/1999/xlink" xmlns:xsi="http://www.w3.org/2001/XMLSchema-instance" article-type="research-article" dtd-version="2.3" xml:lang="EN">
    <front>
      <journal-meta>
        <journal-id journal-id-type="publisher-id">EHP</journal-id>
        <journal-id journal-id-type="nlm-ta">Environ Health Perspect</journal-id>
        <journal-title>Environmental Health Perspectives</journal-title>
        <abbrev-journal-title abbrev-type="pubmed">Environ. Health Perspect.</abbrev-journal-title>
        <issn pub-type="epub">0091-6765</issn>
        <publisher>
          <publisher-name>National Institute of Environmental Health Sciences</publisher-name>
        </publisher>
      </journal-meta>
      <article-meta>
        <article-id pub-id-type="publisher-id">ehp.6849</article-id>
        <article-id pub-id-type="doi">10.1289/ehp.6849</article-id>
        <title-group>
          <article-title>
            <s sid="1">Cytogenetic Markers, DNA Single-Strand Breaks, Urinary Metabolites, and DNA Repair Rates in Styrene-Exposed Lamination Workers<CoreSc1 atype="GSC" type="Obj" conceptID="Obj1" novelty="None" advantage="None"/></s>
          </article-title>
        </title-group>
        <contrib-group>
          <contrib contrib-type="author" corresp="yes" xlink:type="simple">
            <name name-style="western">
              <surname>Vodicka</surname>
              <given-names>Pavel</given-names>
            </name>
            <xref ref-type="aff" rid="aff1">
              <sup>1</sup>
            </xref>
          </contrib>
          <contrib contrib-type="author" xlink:type="simple">
            <name name-style="western">
              <surname>Tuimala</surname>
              <given-names>Jarno</given-names>
            </name>
            <xref ref-type="aff" rid="aff2">
              <sup>2</sup>
            </xref>
          </contrib>
          <contrib contrib-type="author" xlink:type="simple">
            <name name-style="western">
              <surname>Stetina</surname>
              <given-names>Rudolf</given-names>
            </name>
            <xref ref-type="aff" rid="aff3">
              <sup>3</sup>
            </xref>
          </contrib>
          <contrib contrib-type="author" xlink:type="simple">
            <name name-style="western">
              <surname>Kumar</surname>
              <given-names>Rajiv</given-names>
            </name>
            <xref ref-type="aff" rid="aff4">
              <sup>4</sup>
            </xref>
            <xref ref-type="aff" rid="aff5">
              <sup>5</sup>
            </xref>
          </contrib>
          <contrib contrib-type="author" xlink:type="simple">
            <name name-style="western">
              <surname>Manini</surname>
              <given-names>Paola</given-names>
            </name>
            <xref ref-type="aff" rid="aff6">
              <sup>6</sup>
            </xref>
          </contrib>
          <contrib contrib-type="author" xlink:type="simple">
            <name name-style="western">
              <surname>Naccarati</surname>
              <given-names>Alessio</given-names>
            </name>
            <xref ref-type="aff" rid="aff1">
              <sup>1</sup>
            </xref>
            <xref ref-type="aff" rid="aff7">
              <sup>7</sup>
            </xref>
          </contrib>
          <contrib contrib-type="author" xlink:type="simple">
            <name name-style="western">
              <surname>Maestri</surname>
              <given-names>Luciano</given-names>
            </name>
            <xref ref-type="aff" rid="aff8">
              <sup>8</sup>
            </xref>
          </contrib>
          <contrib contrib-type="author" xlink:type="simple">
            <name name-style="western">
              <surname>Vodickova</surname>
              <given-names>Ludmila</given-names>
            </name>
            <xref ref-type="aff" rid="aff9">
              <sup>9</sup>
            </xref>
          </contrib>
          <contrib contrib-type="author" xlink:type="simple">
            <name name-style="western">
              <surname>Kuricova</surname>
              <given-names>Miroslava</given-names>
            </name>
            <xref ref-type="aff" rid="aff1">
              <sup>1</sup>
            </xref>
          </contrib>
          <contrib contrib-type="author" xlink:type="simple">
            <name name-style="western">
              <surname>J&#228;rventaus</surname>
              <given-names>Hilkka</given-names>
            </name>
            <xref ref-type="aff" rid="aff2">
              <sup>2</sup>
            </xref>
          </contrib>
          <contrib contrib-type="author" xlink:type="simple">
            <name name-style="western">
              <surname>Majvaldova</surname>
              <given-names>Zuzana</given-names>
            </name>
            <xref ref-type="aff" rid="aff10">
              <sup>10</sup>
            </xref>
          </contrib>
          <contrib contrib-type="author" xlink:type="simple">
            <name name-style="western">
              <surname>Hirvonen</surname>
              <given-names>Ari</given-names>
            </name>
            <xref ref-type="aff" rid="aff2">
              <sup>2</sup>
            </xref>
          </contrib>
          <contrib contrib-type="author" xlink:type="simple">
            <name name-style="western">
              <surname>Imbriani</surname>
              <given-names>Marcello</given-names>
            </name>
            <xref ref-type="aff" rid="aff8">
              <sup>8</sup>
            </xref>
          </contrib>
          <contrib contrib-type="author" xlink:type="simple">
            <name name-style="western">
              <surname>Mutti</surname>
              <given-names>Antonio</given-names>
            </name>
            <xref ref-type="aff" rid="aff6">
              <sup>6</sup>
            </xref>
          </contrib>
          <contrib contrib-type="author" xlink:type="simple">
            <name name-style="western">
              <surname>Migliore</surname>
              <given-names>Lucia</given-names>
            </name>
            <xref ref-type="aff" rid="aff7">
              <sup>7</sup>
            </xref>
          </contrib>
          <contrib contrib-type="author" xlink:type="simple">
            <name name-style="western">
              <surname>Norppa</surname>
              <given-names>Hannu</given-names>
            </name>
            <xref ref-type="aff" rid="aff2">
              <sup>2</sup>
            </xref>
          </contrib>
          <contrib contrib-type="author" xlink:type="simple">
            <name name-style="western">
              <surname>Hemminki</surname>
              <given-names>Kari</given-names>
            </name>
            <xref ref-type="aff" rid="aff4">
              <sup>4</sup>
            </xref>
            <xref ref-type="aff" rid="aff5">
              <sup>5</sup>
            </xref>
          </contrib>
          <aff id="aff1">
            <label>1</label>
            <addr-line>Institute of Experimental Medicine, Academy of Science of the Czech Republic, Prague, Czech Republic</addr-line>
          </aff>
          <aff id="aff2">
            <label>2</label>
            <addr-line>Laboratory of Molecular and Cellular Toxicology, Finnish Institute of Occupational Health, Helsinki, Finland</addr-line>
          </aff>
          <aff id="aff3">
            <label>3</label>
            <addr-line>Purkynje Military Medical Academy, Hradec Kralove, Czech Republic</addr-line>
          </aff>
          <aff id="aff4">
            <label>4</label>
            <addr-line>Department of Bioscience at Novum, Karolinska Institute, Huddinge, Sweden</addr-line>
          </aff>
          <aff id="aff5">
            <label>5</label>
            <addr-line>German Cancer Institute, Heidelberg, Germany</addr-line>
          </aff>
          <aff id="aff6">
            <label>6</label>
            <addr-line>Laboratory of Industrial Toxicology, University of Parma, Parma, Italy</addr-line>
          </aff>
          <aff id="aff7">
            <label>7</label>
            <addr-line>Department of Human and Environmental Health, University of Pisa, Pisa, Italy</addr-line>
          </aff>
          <aff id="aff8">
            <label>8</label>
            <addr-line>Fondazione S. Maugeri and University of Pavia, Pavia, Italy</addr-line>
          </aff>
          <aff id="aff9">
            <label>9</label>
            <addr-line>National Institute of Public Health, Prague, Czech Republic</addr-line>
          </aff>
          <aff id="aff10">
            <label>10</label>
            <addr-line>Regional Hygiene Station, &#218;st&#237;/Orlic&#237;, Czech Republic</addr-line>
          </aff>
        </contrib-group>
        <author-notes>
          <corresp id="cor1">Address correspondence to P. Vodicka, Department of Genetic and Molecular Toxicology, Institute of Experimental Medicine, Academy of Sciences of the Czech Republic, Videnska 1083, 142 20 Prague 4, Czech Republic. Telephone: 420-2-41062694. Fax: 420-2-41062782. E-mail: <email xlink:type="simple">pvodicka@biomed.cas.cz</email></corresp>
        </author-notes>
        <pub-date pub-type="epub">
          <day>12</day>
          <month>02</month>
          <year>2004</year>
        </pub-date>
        <volume>112</volume>
        <issue>8</issue>
        <fpage>867</fpage>
        <lpage>871</lpage>
        <history>
          <date date-type="received">
            <day>10</day>
            <month>11</month>
            <year>2003</year>
          </date>
          <date date-type="accepted">
            <day>12</day>
            <month>02</month>
            <year>2004</year>
          </date>
        </history>
        <license license-type="open-access" xlink:href="http://creativecommons.org/licenses/by/2.5/" xlink:type="simple">
          <p>This is an open-access article distributed under the terms of the Creative Commons Attribution License, which permits unrestricted use, distribution, and reproduction in any medium, provided the original work is properly cited.</p>
        </license>
        <permissions>
          <copyright-year>2004</copyright-year>
          <copyright-holder/>
        </permissions>
        <abstract>
          <p>
            <s sid="2">The effect of occupational exposure to styrene on frequencies of chromosomal aberrations and binucleated cells with micronuclei and on single-strand break levels in peripheral blood lymphocytes was studied in 86 reinforced plastic workers and 42 control individuals (including 16 maintenance workers with intermittent, low-dose exposure).<CoreSc1 atype="GSC" type="Obj" conceptID="Obj2" novelty="None" advantage="None"/></s>
            <s sid="3">In these individuals, the irradiation-specific DNA repair rates and the repair rates of 8-oxoguanines were investigated.<CoreSc1 atype="GSC" type="Obj" conceptID="Obj3" novelty="None" advantage="None"/></s>
            <s sid="4">We assessed the exposure by measuring the concentrations of styrene in air and in blood and of mandelic acid, phenylglyoxylic acid, 4-vinyl phenol conjugates and regioisomeric phenyl hydroxyethyl mercapturic acids in urine.<CoreSc1 atype="GSC" type="Met" conceptID="Met1" novelty="None" advantage="None"/></s>
            <s sid="5">All these parameters correlated with one another.<CoreSc1 atype="GSC" type="Res" conceptID="Res1" novelty="None" advantage="None"/></s>
            <s sid="6">No clear relationship was found between the styrene exposure and the frequencies of chromosomal aberrations.<CoreSc1 atype="GSC" type="Res" conceptID="Res2" novelty="None" advantage="None"/></s>
            <s sid="7">Binucleated cells with micronuclei were moderately related to the parameters of styrene exposure.<CoreSc1 atype="GSC" type="Res" conceptID="Res3" novelty="None" advantage="None"/></s>
            <s sid="8">We found a negative correlation between all exposure parameters and single-strand breaks.<CoreSc1 atype="GSC" type="Res" conceptID="Res4" novelty="None" advantage="None"/></s>
            <s sid="9">The positive correlation between exposure parameters and DNA repair rates suggests that particular DNA repair pathways may be induced by styrene exposure.<CoreSc1 atype="GSC" type="Con" conceptID="Con1" novelty="None" advantage="None"/></s>
          </p>
        </abstract>
        <kwd-group kwd-group-type="author" xml:lang="EN">
          <kwd>DNA repair rates</kwd>
          <kwd>genotoxicity</kwd>
          <kwd>styrene exposure</kwd>
          <kwd>urinary metabolites</kwd>
        </kwd-group>
      </article-meta>
    </front>
    <body>
      <p>
        <s sid="10">Styrene is used widely in the production of plastics, synthetic rubber, and polyester resins and occurs as an environmental contaminant, present in small amounts in food items, tobacco smoke, and engine exhausts.<CoreSc1 atype="GSC" type="Bac" conceptID="Bac1" novelty="None" advantage="None"/></s>
        <s sid="11">Occupational exposure in hand lamination work in the reinforced plastic industry may entail a daily intake of gram quantities of styrene via inhalation [International Agency for Research on Cancer (IARC) 2002].<CoreSc1 atype="GSC" type="Bac" conceptID="Bac2" novelty="None" advantage="None"/></s>
      </p>
      <p>
        <s sid="12">Many genetic toxicology assays are positive for styrene [reviewed by World Health Organization (WHO) 2001].<CoreSc1 atype="GSC" type="Bac" conceptID="Bac3" novelty="None" advantage="None"/></s>
        <s sid="13">IARC has classified styrene as a possible human carcinogen (group 2B), with limited evidence for carcinogenicity in humans and in experimental animals, whereas its main intermediary metabolite, styrene-7,8-oxide (StO), has been classified as a probable human carcinogen (group 2A; <xref ref-type="bibr" rid="r12">IARC 1994</xref>, <xref ref-type="bibr" rid="r13"><sup>2002</sup></xref>).<CoreSc1 atype="GSC" type="Bac" conceptID="Bac4" novelty="None" advantage="None"/></s>
      </p>
      <p>
        <s sid="14">Styrene metabolism has recently been reviewed (<xref ref-type="bibr" rid="r31">Vodicka et al. 2002</xref>).<CoreSc1 atype="GSC" type="Bac" conceptID="Bac5" novelty="None" advantage="None"/></s>
        <s sid="15">StO, formed from styrene by cytochrome P450 monooxygenases, is primarily detoxified by microsomal epoxide hydrolase to phenylethylene glycol, which is further metabolized to yield mandelic acid (MA) and phenylglyoxylic acid (PGA), the principal urinary metabolites.<CoreSc1 atype="GSC" type="Bac" conceptID="Bac6" novelty="None" advantage="None"/></s>
        <s sid="16">To a minor extent, StO is conjugated with glutathione by glutathione <italic>S</italic>-transferases (GSTs), resulting in subsequent formation of phenyl hydroxyethyl mercapturic acids (PHEMAs), excreted in urine.<CoreSc1 atype="GSC" type="Bac" conceptID="Bac7" novelty="None" advantage="None"/></s>
        <s sid="17">An alternative oxidation on the aromatic ring leads to the formation of 3,4-arene oxide, which may contribute to the styrene genotoxicity (<xref ref-type="bibr" rid="r23">Pfaffli et al. 1981</xref>).<CoreSc1 atype="GSC" type="Bac" conceptID="Bac8" novelty="None" advantage="None"/></s>
        <s sid="18">This metabolic pathway can be monitored by measuring urinary 4-vinyl phenol conjugates (4-VPT; <xref ref-type="bibr" rid="r18">Manini et al. 2003</xref>).<CoreSc1 atype="GSC" type="Bac" conceptID="Bac9" novelty="None" advantage="None"/></s>
      </p>
      <p>
        <s sid="19">Styrene is known to induce DNA single-strand breaks (SSBs) in human white blood cells (<xref ref-type="bibr" rid="r34">Vodicka et al. 1999</xref>) as well as cytogenetic damage in peripheral blood lymphocytes of styrene-exposed workers (<xref ref-type="bibr" rid="r2">Artuso et al. 1995</xref>; <xref ref-type="bibr" rid="r26">Somorovska et al. 1999</xref>; <xref ref-type="bibr" rid="r28">Tates et al. 1994</xref>).<CoreSc1 atype="GSC" type="Obj" conceptID="Obj4" novelty="None" advantage="None"/></s>
        <s sid="20">A recent hypothesis has postulated that oxidative stress may arise as a result of imbalance between oxidants and antioxidants and contributes to the genotoxic effects of styrene exposure (<xref ref-type="bibr" rid="r19">Marczynski et al. 2000</xref>).<CoreSc1 atype="GSC" type="Bac" conceptID="Bac10" novelty="None" advantage="None"/></s>
      </p>
      <p>
        <s sid="21">The discrepancies between an excessive, long-lasting occupational exposure to styrene and relatively low levels of measured biomarkers (<xref ref-type="bibr" rid="r16">Koskinen et al. 2001</xref>; <xref ref-type="bibr" rid="r32">Vodicka et al. 2003</xref>) and inconclusive outcomes from cancer epidemiology studies (<xref ref-type="bibr" rid="r15">Kogevinas et al. 1993</xref>) indicate that various mechanisms connected with styrene biotransformation and DNA repair may be of importance.<CoreSc1 atype="GSC" type="Bac" conceptID="Bac11" novelty="None" advantage="None"/></s>
        <s sid="22">Recent studies have reported that <italic>GSTM1</italic> genotype along with <italic>GSTT1</italic> genotype may affect the genotoxicity of styrene in human lymphocytes <italic>in vitro</italic> (<xref ref-type="bibr" rid="r3">Bernardini et al. 2002</xref>) and urinary excretion of PHEMAs in styrene-exposed workers (<xref ref-type="bibr" rid="r11">Haufroid et al. 2002</xref>).<CoreSc1 atype="GSC" type="Bac" conceptID="Bac12" novelty="None" advantage="None"/></s>
        <s sid="23">In addition, genetic polymorphisms of biotransformation enzymes have been suggested to modulate the genotoxicity in styrene-exposed workers (<xref ref-type="bibr" rid="r33">Vodicka et al. 2001</xref>), although no strict conclusions can yet be drawn.<CoreSc1 atype="GSC" type="Bac" conceptID="Bac13" novelty="None" advantage="None"/></s>
      </p>
      <p>
        <s sid="24">Thus far, little information is available on the possible effect of styrene exposure on DNA repair rates.<CoreSc1 atype="GSC" type="Mot" conceptID="Mot1" novelty="None" advantage="None"/></s>
        <s sid="25">An early study indicated that styrene exposure, both <italic>in vivo</italic> and <italic>in vitro</italic>, increased unscheduled DNA synthesis induced in human mononuclear leukocytes by <italic>N</italic>-acetoxy-2-acetylaminofluorene but not by ultraviolet radiation (<xref ref-type="bibr" rid="r22">Pero et al. 1982</xref>).<CoreSc1 atype="GSC" type="Bac" conceptID="Bac14" novelty="None" advantage="None"/></s>
        <s sid="26">The authors concluded that styrene exposure does not alter the efficiency of DNA repair synthesis but only the susceptibility of DNA toward damages from chemical mutagens that depend on cellular metabolism.<CoreSc1 atype="GSC" type="Bac" conceptID="Bac15" novelty="None" advantage="None"/></s>
        <s sid="27">However, preliminary studies using the comet assay have suggested that the capacity of lymphocytes to remove both &#611;-ray-induced DNA damage and oxidative DNA damage is increased in styrene-exposed workers (<xref ref-type="bibr" rid="r32">Vodicka et al. 2003</xref>).<CoreSc1 atype="GSC" type="Bac" conceptID="Bac16" novelty="None" advantage="None"/></s>
      </p>
      <p>
        <s sid="28">In the present study, we examined the effect of occupational exposure to styrene on the frequency of chromosomal aberrations (CAs) and binucleated cells (BNs) with micronuclei (MN) and on the level of SSBs and SSB endonuclease III (Endo III) sites in peripheral lymphocytes.<CoreSc1 atype="GSC" type="Obj" conceptID="Obj5" novelty="None" advantage="None"/></s>
        <s sid="29">An innovative aspect was an investigation of the irradiation-specific DNA repair rates and the repair rates of 8-oxoguanines.<CoreSc1 atype="GSC" type="Obj" conceptID="Obj6" novelty="None" advantage="None"/></s>
        <s sid="30">Whether the level of various biomarkers is modulated by polymorphisms in DNA repair genes as well as by individual DNA repair rates (particularly those related to styrene-induced DNA lesions) in styrene-exposed subjects has to be addressed in the future investigation.<CoreSc1 atype="GSC" type="Mot" conceptID="Mot2" novelty="None" advantage="None"/></s>
      </p>
      <sec sec-type="materials|methods">
        <title>Materials and Methods</title>
        <p>
          <s sid="31"><bold><italic>Subjects.</italic></bold> The styrene-exposed group consisted of 86 workers employed in three plants (designated A, B, and C) located in the same area.<CoreSc1 atype="GSC" type="Exp" conceptID="Exp1" novelty="None" advantage="None"/></s>
          <s sid="32">The control group consisted of 26 employees of the Regional Hygienic Station (external control; EC) and 16 maintenance workers from plant B (plant control; PC).<CoreSc1 atype="GSC" type="Exp" conceptID="Exp2" novelty="None" advantage="None"/></s>
          <s sid="33">The design of the study was approved by the local ethical committee, and all participants provided their informed consent.<CoreSc1 atype="GSC" type="Exp" conceptID="Exp3" novelty="None" advantage="None"/></s>
          <s sid="34">The sampling of biologic material was carried out according to the Declaration in Helsinki (<xref ref-type="bibr" rid="r36">World Medical Association Declaration of Helsinki 1964</xref>).<CoreSc1 atype="GSC" type="Met" conceptID="Met2" novelty="None" advantage="None"/></s>
          <s sid="35">The exposed and control workers had similar socioeconomic background; the exposed subjects were, in comparison with the controls, on average 8.7 years younger, included more men (71 vs. 52%) and smokers (51 vs. 19%), and had smoked about twice as many cigarettes during their lifetime (<xref ref-type="table" rid="t1">Table 1</xref>).<CoreSc1 atype="GSC" type="Obs" conceptID="Obs1" novelty="None" advantage="None"/></s>
          <s sid="36">These differences were taken into account in the statistical analyses.<CoreSc1 atype="GSC" type="Met" conceptID="Met3" novelty="None" advantage="None"/></s>
        </p>
        <p>
          <s sid="37"><bold><italic>Styrene exposure in workplace air and in blood.</italic></bold> The concentration of styrene in the workplace air was determined by personal dosimeters the day of the sampling (<xref ref-type="bibr" rid="r30">Vodicka et al. 1995</xref>).<CoreSc1 atype="GSC" type="Met" conceptID="Met4" novelty="None" advantage="None"/></s>
          <s sid="38">The determination of styrene concentration in blood has been described previously (<xref ref-type="bibr" rid="r30">Vodicka et al. 1995</xref>, <xref ref-type="bibr" rid="r33">2001</xref>).<CoreSc1 atype="GSC" type="Met" conceptID="Met5" novelty="None" advantage="None"/></s>
        </p>
        <p>
          <s sid="39"><bold><italic>Styrene-specific urinary metabolites.</italic></bold> An aliquot of urine was collected at the end of shift concomitantly with other samplings and used for the determination of the styrene-specific urinary metabolites MA, PGA, 4-VPT, and regioisomeric PHEMAs.<CoreSc1 atype="GSC" type="Met" conceptID="Met6" novelty="None" advantage="None"/></s>
          <s sid="40">The methodologies have been described previously for MA and PGA (<xref ref-type="bibr" rid="r27">Symanski et al. 2001</xref>), for 4-VPT (<xref ref-type="bibr" rid="r17">Manini et al. 2002</xref>), and for the PHEMAs diastereomeric <italic>N</italic>-acetyl-<italic>S</italic>-(1-phenyl-2-hydroxyethyl)-cysteine (M1RR), (M1RS), and <italic>N</italic>-acetyl-<italic>S</italic>-(2-phenyl-2-hydroxyethyl)-cysteine (M2) (<xref ref-type="bibr" rid="r10">Ghittori et al. 1997</xref>).<CoreSc1 atype="GSC" type="Met" conceptID="Met7" novelty="None" advantage="None"/></s>
        </p>
        <p>
          <s sid="41"><bold><italic>Determination of SSBs and SSB Endo III sites.</italic></bold> SSBs, reflecting DNA damage induced by alkylation, were detected by a modified single-cell gel electrophoresis (comet) assay (<xref ref-type="bibr" rid="r4">Collins et al. 1996</xref>).<CoreSc1 atype="GSC" type="Met" conceptID="Met8" novelty="None" advantage="None"/></s>
          <s sid="42">SSB Endo III sites, reflecting abasic sites and oxopyrimidines, were evaluated by a modified version of comet assay with Endo III treatment (<xref ref-type="bibr" rid="r4">Collins et al. 1996</xref>) and are expressed as net values after the subtraction of SSBs.<CoreSc1 atype="GSC" type="Met" conceptID="Met9" novelty="None" advantage="None"/></s>
        </p>
        <p>
          <s sid="43"><bold><italic>Cytogenetic analyses.</italic></bold> The techniques used for the determination of CA (<xref ref-type="bibr" rid="r29">Valjus et al. 1993</xref>) and MN (<xref ref-type="bibr" rid="r20">Migliore et al. 1999</xref>) have been described previously.<CoreSc1 atype="GSC" type="Met" conceptID="Met10" novelty="None" advantage="None"/></s>
          <s sid="44">One hundred metaphases per sample for CA and 1,000 BNs/sample for MN were scored from coded slides.<CoreSc1 atype="GSC" type="Exp" conceptID="Exp4" novelty="None" advantage="None"/></s>
        </p>
        <p>
          <s sid="45"><bold><italic>DNA repair rates.</italic></bold> Peripheral blood lymphocytes isolated using Ficol gradient were used to test individual DNA repair capacity as described previously (<xref ref-type="bibr" rid="r1">Alapetite et al. 1999</xref>; <xref ref-type="bibr" rid="r32">Vodicka et al. 2003</xref>).<CoreSc1 atype="GSC" type="Met" conceptID="Met11" novelty="None" advantage="None"/></s>
          <s sid="46">Briefly, cells embedded in agarose on slides were irradiated with 5 gray (Gy) of &#611;-rays (0.42 Gy/min) and either lysed immediately or incubated at 37&#176;C for 40 min before the lysis.<CoreSc1 atype="GSC" type="Exp" conceptID="Exp5" novelty="None" advantage="None"/></s>
          <s sid="47">The DNA breaks induced by &#611;-rays are repaired according to the individual repair capacity, and the results are expressed as amount of repaired SSBs.<CoreSc1 atype="GSC" type="Exp" conceptID="Exp6" novelty="None" advantage="None"/></s>
          <s sid="48">Simultaneously with the analysis in human lymphocytes, irradiation-induced SSBs and remaining SSBs in various intervals were assayed for in human fibroblasts.<CoreSc1 atype="GSC" type="Exp" conceptID="Exp7" novelty="None" advantage="None"/></s>
          <s sid="49">This test confirmed that SSB removal is measured and the time interval is appropriate (<xref ref-type="fig" rid="f1">Figure 1</xref>).<CoreSc1 atype="GSC" type="Met" conceptID="Met12" novelty="None" advantage="None"/></s>
        </p>
        <fig fig-type="figure" id="f1" position="float">
          <label>Figure 1</label>
          <caption>
            <p>The DNA repair kinetics measured in human fibroblasts irradiated by &#611;-rays (5 Gy). Bars represent SSBs &#177; SD.</p>
          </caption>
          <graphic alt-version="no" position="float" xlink:href="info:doi/10.1289/ehp.6849.g001" xlink:type="simple"/>
        </fig>
        <p>
          <s sid="50">In addition, the individual capacity of peripheral lymphocyte extracts to repair 8-oxoguanine, known to be removed from DNA by a specific glycosylase (oxoguanine glycosylase; OGG1), was determined as previously described (<xref ref-type="bibr" rid="r5">Collins et al. 2001</xref>).<CoreSc1 atype="GSC" type="Met" conceptID="Met13" novelty="None" advantage="None"/></s>
          <s sid="51">Briefly, HeLa cells were pretreated with the photosensitizer Ro 19-8022 (Hoffmann-La Roche, Basel, Switzerland), irradiated with a fluorescent lamp to induce 8-oxoguanine, incubated with cell extracts prepared from lymphocytes of each subject, and analyzed by the comet assay.<CoreSc1 atype="GSC" type="Exp" conceptID="Exp8" novelty="None" advantage="None"/><CoreSc2 atype="GSC" type="Met" conceptID="Met14" novelty="None" advantage="None"/></s>
          <s sid="52">The level of SSBs reflected the removal of 8-oxoguanine from HeLa cell DNA by the lymphocyte extract.<CoreSc1 atype="GSC" type="Met" conceptID="Met15" novelty="None" advantage="None"/></s>
        </p>
        <p>
          <s sid="53"><bold><italic>Statistical analyses.</italic></bold> Statistical calculations were performed using Statgraphics, version 7 (Manugistics, Inc., Cambridge, MA, USA).<CoreSc1 atype="GSC" type="Met" conceptID="Met16" novelty="None" advantage="None"/></s>
          <s sid="54">The data were not normally distributed, and nonparametric tests were used: Mann-Whitney <italic>U</italic>-test for testing significant differences between groups, Spearman correlation analysis for estimation of the correlation between parameters, and the Kruskal-Wallis test for the associations between biomarkers.<CoreSc1 atype="GSC" type="Met" conceptID="Met17" novelty="None" advantage="None"/></s>
        </p>
        <p>
          <s sid="55">All analyses were performed with coded samples.<CoreSc1 atype="GSC" type="Met" conceptID="Met18" novelty="None" advantage="None"/></s>
        </p>
      </sec>
      <sec sec-type="results">
        <title>Results</title>
        <p>
          <s sid="56"><bold><italic>Styrene exposure.</italic></bold> The mean styrene concentration in the workplace air, determined by personal dosimeters in three plants, was 81.3 &#177; 56.3 mg/m<sup>3</sup>; the highest mean concentration was in plant A, followed by plant C and plant B (<xref ref-type="table" rid="t1">Table 1</xref>).<CoreSc1 atype="GSC" type="Obs" conceptID="Obs2" novelty="None" advantage="None"/></s>
        </p>
        <p>
          <s sid="57">Styrene concentration in blood was, on average, 0.56 &#177; 0.43 mg/L in the exposed group and 0.07 &#177; 0.06 mg/L in the controls (<xref ref-type="table" rid="t1">Table 1</xref>).<CoreSc1 atype="GSC" type="Obs" conceptID="Obs3" novelty="None" advantage="None"/></s>
          <s sid="58">In the control group, styrene concentrations in blood were exclusively recorded among the plant controls, suggesting that low-level, intermittent exposure to styrene might occur among the maintenance workers.<CoreSc1 atype="GSC" type="Res" conceptID="Res5" novelty="None" advantage="None"/></s>
          <s sid="59">Although these workers were not directly involved in the styrene processing (as declared also in questionnaires), the low-level styrene exposure was further supported by the levels of urinary metabolites.<CoreSc1 atype="GSC" type="Res" conceptID="Res6" novelty="None" advantage="None"/></s>
          <s sid="60">In exposed workers, the concentrations of styrene in the air were correlated with those in blood (<italic>R</italic> = 0.817, <italic>p</italic> &lt; 0.001).<CoreSc1 atype="GSC" type="Res" conceptID="Res7" novelty="None" advantage="None"/></s>
        </p>
        <p>
          <s sid="61"><bold><italic>Styrene-specific urinary metabolites.</italic></bold> The styrene metabolites determined in the urine of laminators followed the levels shown by external exposure parameters (<xref ref-type="table" rid="t1">Table 1</xref>).<CoreSc1 atype="GSC" type="Obs" conceptID="Obs4" novelty="None" advantage="None"/></s>
          <s sid="62">The mean levels of MA, PGA, and 4-VPT in the laminators were more than 10 times higher than those of the plant controls.<CoreSc1 atype="GSC" type="Res" conceptID="Res8" novelty="None" advantage="None"/></s>
          <s sid="63">In the exposed workers, urinary concentrations of various PHEMAs were 1.8 &#177; 4.1 mg/g creatinine for M1RR and M1RS, and 1.4 &#177; 3.2 mg/g creatinine for M2.<CoreSc1 atype="GSC" type="Res" conceptID="Res9" novelty="None" advantage="None"/></s>
          <s sid="64">PHEMAs were not determined in the control groups.<CoreSc1 atype="GSC" type="Exp" conceptID="Exp9" novelty="None" advantage="None"/></s>
          <s sid="65">All urinary metabolites in all exposed individuals and in workers from each particular plant correlated strongly with each other as well as with the concentrations of styrene in the air and in blood (data not shown).<CoreSc1 atype="GSC" type="Res" conceptID="Res10" novelty="None" advantage="None"/></s>
        </p>
        <p>
          <s sid="66"><bold><italic>Cytogenetic markers.</italic></bold> CA frequencies are presented in <xref ref-type="table" rid="t2">Table 2</xref>.<CoreSc1 atype="GSC" type="Obs" conceptID="Obs5" novelty="None" advantage="None"/></s>
          <s sid="67">The highest mean CA frequency was in the EC group (3.2 &#177; 2.0), and the lowest was in the plant controls (1.7 &#177; 0.9; <italic>p</italic> = 0.042).<CoreSc1 atype="GSC" type="Res" conceptID="Res11" novelty="None" advantage="None"/></s>
          <s sid="68">Workers from plant A, exposed to the highest styrene concentration (mean, 112 mg/m<sup>3</sup>), exhibited the second highest CA frequency (2.5 &#177; 1.6) but did not differ significantly from the other groups.<CoreSc1 atype="GSC" type="Res" conceptID="Res12" novelty="None" advantage="None"/></s>
          <s sid="69">Results on chromatid-type aberrations (with and without gaps) and on chromosome breaks followed the same pattern as the frequency of total aberrant cells (<xref ref-type="table" rid="t2">Table 2</xref>) and did not correlate with any marker of styrene exposure.<CoreSc1 atype="GSC" type="Res" conceptID="Res13" novelty="None" advantage="None"/></s>
          <s sid="70">CA frequencies correlated positively with age (<italic>R</italic> = 0.223, <italic>p</italic> = 0.014); this correlation was more pronounced for chromosome-type CA (<italic>R</italic> = 0.228, <italic>p</italic> = 0.012).<CoreSc1 atype="GSC" type="Res" conceptID="Res14" novelty="None" advantage="None"/></s>
          <s sid="71">No influence of other confounders on CA frequencies was recorded.s<CoreSc1 atype="GSC" type="Res" conceptID="Res15" novelty="None" advantage="None"/></s>
        </p>
        <table-wrap id="t1" position="float">
          <label>Table 1</label>
          <graphic alt-version="no" position="float" xlink:href="info:doi/10.1289/ehp.6849.t001" xlink:type="simple"/>
        </table-wrap>
        <table-wrap id="t2" position="float">
          <label>Table 2</label>
          <graphic alt-version="no" position="float" xlink:href="info:doi/10.1289/ehp.6849.t002" xlink:type="simple"/>
        </table-wrap>
        <p>
          <s sid="72">The highest mean BN MN frequency was recorded among the workers from plant A and the ECs, and the lowest was in plant controls (<xref ref-type="table" rid="t2">Table 2</xref>).<CoreSc1 atype="GSC" type="Obs" conceptID="Obs6" novelty="None" advantage="None"/></s>
          <s sid="73">An association between BN MN frequency and styrene exposure (<italic>p</italic> = 0.001 for styrene in air and <italic>p</italic> = 0.001 for styrene in blood) was found.<CoreSc1 atype="GSC" type="Res" conceptID="Res16" novelty="None" advantage="None"/></s>
          <s sid="74">In addition, BN MN frequency correlated with MA, PGA, and 4-VPT (data not shown).<CoreSc1 atype="GSC" type="Res" conceptID="Res17" novelty="None" advantage="None"/></s>
          <s sid="75">Significantly elevated BN MN frequencies were found in individuals with a higher index for cumulative exposure (styrene concentration in air multiplied by duration of exposure) than in those with a lower index (17.6 &#177; 7.2 vs. 13.9 &#177; 6.2, <italic>p</italic> = 0.017; <xref ref-type="fig" rid="f2">Figure 2</xref>).<CoreSc1 atype="GSC" type="Res" conceptID="Res18" novelty="None" advantage="None"/></s>
          <s sid="76">BN MN frequencies significantly increased with age (<italic>R</italic> = 0.231, <italic>p</italic> = 0.013) and were higher in women than in men (<italic>F</italic> = 25.7, <italic>p</italic> &lt; 0.001).<CoreSc1 atype="GSC" type="Res" conceptID="Res19" novelty="None" advantage="None"/></s>
        </p>
        <fig fig-type="figure" id="f2" position="float">
          <label>Figure 2</label>
          <caption>
            <p>Mean BN MN frequency &#177; SD for low and high exposure categories. The low exposure category comprises individuals exhibiting styrene concentration in blood (<italic>p</italic> = 0.079) in the range 0-0.43 mg/L and cumulative exposure index (<italic>p</italic> = 0.017; actual workplace concentration multiplied by the duration of exposure) between 0 and 250. The individuals in the high-exposure category exhibited styrene concentrations in blood &gt; 0.44 mg/L and cumulative exposure index values &gt; 251. The comparison between categories was calculated by Mann-Whitney <italic>U</italic>-test after adjusting for sex and age.</p>
          </caption>
          <graphic alt-version="no" position="float" xlink:href="info:doi/10.1289/ehp.6849.g002" xlink:type="simple"/>
        </fig>
        <p>
          <s sid="77"><bold><italic>SSBs in DNA and SSB Endo III sites.</italic></bold> The lower mean level of SSBs was recorded in plant A in comparison with both plant and ECs (<xref ref-type="table" rid="t2">Table 2</xref>).<CoreSc1 atype="GSC" type="Obs" conceptID="Obs7" novelty="None" advantage="None"/></s>
          <s sid="78">In fact, SSBs negatively correlated with most markers of styrene exposure (<italic>R</italic> = -0.350, <italic>p</italic> = 0.007 for styrene in blood; <italic>R</italic> = -0.402, <italic>p</italic> = 0.01 for MA; <italic>R</italic> = -0.403, <italic>p</italic> = 0.001 for PGA; <italic>R</italic> = -0.375, <italic>p</italic> = 0.003 for 4-VPT).<CoreSc1 atype="GSC" type="Res" conceptID="Res20" novelty="None" advantage="None"/></s>
          <s sid="79">Decrease of SSBs with increasing concentration of styrene in air is illustrated in <xref ref-type="fig" rid="f3">Figure 3A</xref>.<CoreSc1 atype="GSC" type="Obs" conceptID="Obs8" novelty="None" advantage="None"/></s>
          <s sid="80">SSB levels were not affected by any confounder recorded.<CoreSc1 atype="GSC" type="Res" conceptID="Res21" novelty="None" advantage="None"/></s>
        </p>
        <fig fig-type="figure" id="f3" position="float">
          <label>Figure 3</label>
          <caption>
            <p><italic>A</italic>) SSB levels &#177; SD according to different categories of styrene concentration in air (1-50, <italic>p</italic> = 0.0002; &gt; 50, <italic>p</italic> = 0.00001). (<italic>B</italic>) Irradiation-specific DNA repair rates according to different categories of styrene concentration in air (1-50, <italic>p</italic> = 0.054; &gt; 50, <italic>p</italic> = 0.003). (<italic>C</italic>) The capacity to repair oxidative DNA damage according to different categories of styrene concentration in air (&gt; 50, <italic>p</italic> = 0.034). The comparison between categories was calculated by Mann-Whitney <italic>U</italic>-test after adjusting for sex and age. <italic>p</italic>-Values are related to the exposure category 0.</p>
          </caption>
          <graphic alt-version="no" position="float" xlink:href="info:doi/10.1289/ehp.6849.g003" xlink:type="simple"/>
        </fig>
        <p>
          <s sid="81">The mean level of SSB Endo III sites were not significantly different among different groups of exposed subjects and in comparison with the control individuals (<xref ref-type="table" rid="t2">Table 2</xref>).<CoreSc1 atype="GSC" type="Obs" conceptID="Obs9" novelty="None" advantage="None"/></s>
          <s sid="82">The levels of SSB Endo III sites did not correlate with any of the exposure markers, including urinary metabolites.<CoreSc1 atype="GSC" type="Res" conceptID="Res22" novelty="None" advantage="None"/></s>
        </p>
        <p>
          <s sid="83"><bold><italic>DNA repair rates.</italic></bold> As shown in <xref ref-type="fig" rid="f1">Figure 1</xref>, most SSBs induced by &#611;-rays are rapidly removed from DNA with an approximate half-life of 15-20 min.<CoreSc1 atype="GSC" type="Obs" conceptID="Obs10" novelty="None" advantage="None"/></s>
          <s sid="84">There is still residual DNA damage, which may be unrepaired double-strand breaks (DSBs).<CoreSc1 atype="GSC" type="Res" conceptID="Res23" novelty="None" advantage="None"/></s>
        </p>
        <p>
          <s sid="85">Individual capacity to repair SSBs induced by &#611;-rays was significantly lower in the ECs, compared with all exposed groups (<italic>p</italic> = 0.023 vs. plant A, <italic>p</italic> = 0.016 vs. plant B, <italic>p</italic> = 0.001 vs. plant C; <xref ref-type="table" rid="t2">Table 2</xref>).<CoreSc1 atype="GSC" type="Res" conceptID="Res24" novelty="None" advantage="None"/></s>
          <s sid="86">Irradiation-specific DNA repair rates were associated with styrene concentration in air (<xref ref-type="fig" rid="f3">Figure 3B</xref>), correlated significantly with styrene in blood (<italic>R</italic> = 0.308, <italic>p</italic> = 0.031), and showed a tendency to decrease with increasing age (<italic>R</italic> = -0.204, <italic>p</italic> = 0.095).<CoreSc1 atype="GSC" type="Res" conceptID="Res25" novelty="None" advantage="None"/></s>
        </p>
        <p>
          <s sid="87">The capacity of lymphocytes to incise 8-oxoguanine in the different groups is shown in <xref ref-type="table" rid="t2">Table 2</xref>.<CoreSc1 atype="GSC" type="Obs" conceptID="Obs11" novelty="None" advantage="None"/></s>
          <s sid="88">The only significant (&gt; 2-fold) increase in the DNA repair was recorded among workers from plant A (<italic>p</italic> = 0.0006 vs. plant B, <italic>p</italic> = 0.0007 vs. plant C, <italic>p</italic> = 0.0003 vs. plant controls, <italic>p</italic> = 0.015 vs. ECs).<CoreSc1 atype="GSC" type="Res" conceptID="Res26" novelty="None" advantage="None"/></s>
          <s sid="89">Repair capacity to remove oxidative DNA damage increased with increasing styrene concentration in air (<xref ref-type="fig" rid="f3">Figure 3C</xref>) and correlated significantly with styrene in blood (<italic>R</italic> = 0.371, <italic>p</italic> = 0.004) and with urinary metabolites (<italic>R</italic> = 0.414, <italic>p</italic> = 0.002 for MA; <italic>R</italic> = 0.428, <italic>p</italic> = 0.001 for PGA; <italic>R</italic> = 0.336, <italic>p</italic> = 0.010 for 4-VPT).<CoreSc1 atype="GSC" type="Res" conceptID="Res27" novelty="None" advantage="None"/></s>
        </p>
      </sec>
      <sec sec-type="discussion">
        <title>Discussion</title>
        <p>
          <s sid="90">In this study, we examined the levels of specific urinary metabolites and chromosome and DNA damage in relation to DNA repair rates in styrene-exposed workers.<CoreSc1 atype="GSC" type="Obj" conceptID="Obj7" novelty="None" advantage="None"/></s>
        </p>
        <p>
          <s sid="91"><bold><italic>Exposure assessment.</italic></bold> The strong correlations observed between measures of external and internal styrene exposure and styrene-specific urinary metabolites have been well documented (<xref ref-type="bibr" rid="r34">Vodicka et al. 1999</xref>).<CoreSc1 atype="GSC" type="Bac" conceptID="Bac17" novelty="None" advantage="None"/></s>
          <s sid="92">As an interesting new finding concerning the metabolites, the urinary excretion of both 4-vinyl phenol conjugates 4-vinyl phenol glucuronide and 4-vinyl phenol sulfate was exposure dependent, indicating that 3,4-arene oxidation takes place in styrene metabolism in humans and may contribute to the genotoxic burden.<CoreSc1 atype="GSC" type="Con" conceptID="Con2" novelty="None" advantage="None"/></s>
          <s sid="93">Although this metabolic pathway has been previously postulated (<xref ref-type="bibr" rid="r23">Pfaffli et al. 1981</xref>), the biologic relevance of styrene-3,4-oxide, for example, in terms of DNA adduct formation has yet to be investigated.<CoreSc1 atype="GSC" type="Mot" conceptID="Mot3" novelty="None" advantage="None"/></s>
          <s sid="94">Exposure-dependent excretion of diastereomeric PHEMAs in workers provides only limited information, because conjugation of StO with glutathione represents a minor metabolic pathway (&lt; 1% of the total urinary metabolites), and is highly dependent on <italic>GSTM1</italic> polymorphism.<CoreSc1 atype="GSC" type="Con" conceptID="Con3" novelty="None" advantage="None"/></s>
          <s sid="95"><italic>GSTM1</italic>-positive individuals have been shown to excrete five to six times more PHEMA than do <italic>GSTM1</italic>-negative subjects (<xref ref-type="bibr" rid="r6">De Palma et al. 2001</xref>).<CoreSc1 atype="GSC" type="Bac" conceptID="Bac18" novelty="None" advantage="None"/></s>
        </p>
        <p>
          <s sid="96"><bold><italic>Cytogenetic markers.</italic></bold> In contrast to previous findings (<xref ref-type="bibr" rid="r2">Artuso et al. 1995</xref>; <xref ref-type="bibr" rid="r26">Somorovska et al. 1999</xref>), we did not observe any effect of styrene exposure on CA frequencies; nor were chromatid-type aberrations, previously shown to be indicative of styrene treatment (<xref ref-type="bibr" rid="r14">Jantunen et al. 1986</xref>), increased in the exposed subjects.<CoreSc1 atype="GSC" type="Res" conceptID="Res28" novelty="None" advantage="None"/></s>
          <s sid="97">The BN MN frequencies were associated with the concentrations of styrene in the air and in blood and of urinary metabolites and with cumulative exposure index, suggesting an effect of the occupational exposure on MN formation, after adjustment for known confounders (age and sex).<CoreSc1 atype="GSC" type="Con" conceptID="Con4" novelty="None" advantage="None"/></s>
          <s sid="98">However, the differences in the mean BN MN frequency between the exposed group and ECs were negligible, whereas the plant control group showed the lowest BN MN frequency.<CoreSc1 atype="GSC" type="Res" conceptID="Res29" novelty="None" advantage="None"/></s>
          <s sid="99">Remarkably, a higher BN MN frequency in the EC group may be due to the known confounders affecting this end point: age and sex (<xref ref-type="bibr" rid="r9">Fenech 1998</xref>); indeed, the EC group consisted mainly of women with higher mean age.<CoreSc1 atype="GSC" type="Con" conceptID="Con5" novelty="None" advantage="None"/></s>
          <s sid="100">Similar considerations may be plausible for frequencies of CAs.<CoreSc1 atype="GSC" type="Con" conceptID="Con6" novelty="None" advantage="None"/></s>
        </p>
        <p>
          <s sid="101"><bold><italic>SSBs and SSB Endo III sites.</italic></bold> SSBs in DNA were significantly lower in exposed workers than in those unexposed and correlated inversely with parameters of internal exposure.<CoreSc1 atype="GSC" type="Res" conceptID="Res30" novelty="None" advantage="None"/></s>
          <s sid="102">This is in striking contrast to previous studies (<xref ref-type="bibr" rid="r34">Vodicka et al. 1999</xref>), where an exposure-related increase in SSBs was found and SSBs correlated significantly with O<sup>6</sup>-styrene-guanine DNA adducts (<xref ref-type="bibr" rid="r30">Vodicka et al. 1995</xref>) and CA (<xref ref-type="bibr" rid="r26">Somorovska et al. 1999</xref>).<CoreSc1 atype="GSC" type="Bac" conceptID="Bac19" novelty="None" advantage="None"/></s>
          <s sid="103">This discrepancy may be caused by differences among the populations examined: The previous consisted of individuals exposed for 14 years on average, whereas workers in the present study were exposed to styrene for less than 4 years.<CoreSc1 atype="GSC" type="Met" conceptID="Met19" novelty="None" advantage="None"/></s>
          <s sid="104">On the other hand, in the present study the relatively lower SSB levels in exposed workers were associated with more efficient DNA repair capacities, whereas in previous reports DNA repair rates were not addressed.<CoreSc1 atype="GSC" type="Con" conceptID="Con7" novelty="None" advantage="None"/></s>
        </p>
        <p>
          <s sid="105">SSB Endo III sites, reflecting either abasic sites or oxopyrimidines, were almost identical in both the exposed and control groups, but in contrast to our previous study (<xref ref-type="bibr" rid="r26">Somorovska et al. 1999</xref>), we recorded this type of DNA damage at clearly distinguishable levels.<CoreSc1 atype="GSC" type="Res" conceptID="Res31" novelty="None" advantage="None"/></s>
          <s sid="106">Because oxidative DNA damage may arise because of various intrinsic and extrinsic factors and SSB Endo III sites represent a nonspecific marker, it is difficult to pinpoint the origin of this DNA damage in the present population.<CoreSc1 atype="GSC" type="Con" conceptID="Con8" novelty="None" advantage="None"/></s>
          <s sid="107">The role of oxidative stress related to styrene exposure may be a contributing factor, as indicated by increased levels of 8-hydroxyguanine DNA adducts among workers exposed to styrene (<xref ref-type="bibr" rid="r19">Marczynski et al. 2000</xref>).<CoreSc1 atype="GSC" type="Bac" conceptID="Bac20" novelty="None" advantage="None"/></s>
        </p>
        <p>
          <s sid="108"><bold><italic>DNA repair rates.</italic></bold> To screen individual DNA repair rates, we employed a modified comet assay on irradiated human lymphocytes.<CoreSc1 atype="GSC" type="Met" conceptID="Met20" novelty="None" advantage="None"/></s>
          <s sid="109">The comet assay is a useful tool for the DNA damage and repair assessment (<xref ref-type="bibr" rid="r7">Dikomey et al. 2000</xref>; <xref ref-type="bibr" rid="r24">Popanda et al. 2003</xref>), but its version based on alkaline denaturation does not allow discrimination of simultaneously induced SSBs and DSBs.<CoreSc1 atype="GSC" type="Obj" conceptID="Obj8" novelty="None" advantage="None"/></s>
          <s sid="110">Irradiation-induced (&#611;-rays) DNA damage consists of mainly SSBs (90%), whereas DSBs account for 10% (<xref ref-type="bibr" rid="r25">Sakai and Okada 1984</xref>).<CoreSc1 atype="GSC" type="Bac" conceptID="Bac21" novelty="None" advantage="None"/></s>
          <s sid="111">Because most of the DNA damage induced by irradiation is repaired very quickly, this repair pathway may be attributable to base excision repair.<CoreSc1 atype="GSC" type="Bac" conceptID="Bac22" novelty="None" advantage="None"/></s>
          <s sid="112">In fact, the irradiation-related DSBs are repaired with half-life of more than 2 hr (<xref ref-type="bibr" rid="r8">Dikomey and Franzke 1986</xref>) via nonhomologous recombination repair (<xref ref-type="bibr" rid="r21">Natarajan 2002</xref>).<CoreSc1 atype="GSC" type="Bac" conceptID="Bac23" novelty="None" advantage="None"/></s>
          <s sid="113">We investigated individual capacities to repair SSBs induced by irradiation.<CoreSc1 atype="GSC" type="Obj" conceptID="Obj9" novelty="None" advantage="None"/></s>
          <s sid="114">On the other hand, SSBs were also analyzed as an indicator of DNA damage without any information on their specificity and origin.<CoreSc1 atype="GSC" type="Obj" conceptID="Obj10" novelty="None" advantage="None"/></s>
          <s sid="115">Despite the limitations in specificity, the association between the actual levels of SSBs and the capacities of their repair is important.<CoreSc1 atype="GSC" type="Mot" conceptID="Mot4" novelty="None" advantage="None"/></s>
        </p>
        <p>
          <s sid="116">Capacity to repair irradiation-specific DNA damage was significantly higher in exposed workers than in unexposed or moderately exposed subjects.<CoreSc1 atype="GSC" type="Res" conceptID="Res32" novelty="None" advantage="None"/></s>
          <s sid="117">The apparent increase in DNA repair rates related to styrene exposure may reflect effective activation of the DNA repair machinery.<CoreSc1 atype="GSC" type="Con" conceptID="Con9" novelty="None" advantage="None"/></s>
          <s sid="118">It remains to be resolved whether DNA repair rates are truly induced, whether a threshold exists in this induction, and whether long-term exposure could exhaust the induction.<CoreSc1 atype="GSC" type="Mot" conceptID="Mot5" novelty="None" advantage="None"/></s>
        </p>
        <p>
          <s sid="119">An increased capacity of lymphocytes to incise 8-oxoguanine was recorded among highly exposed workers.<CoreSc1 atype="GSC" type="Res" conceptID="Res33" novelty="None" advantage="None"/></s>
          <s sid="120">Significant association between both internal and external exposure parameters and repair capacity to remove oxidative DNA damage suggests a possible role of oxidative stress in styrene-related genotoxicity, as previously postulated.<CoreSc1 atype="GSC" type="Res" conceptID="Res34" novelty="None" advantage="None"/></s>
        </p>
        <p>
          <s sid="121">However, until we address combinations of various exposure parameters and multiple markers of early effect, interpretations should be cautious, and the complexity of the biologic system has to be considered in order to prevent simple mechanistic extrapolation.<CoreSc1 atype="GSC" type="Mot" conceptID="Mot6" novelty="None" advantage="None"/></s>
          <s sid="122">In styrene-exposed workers, genotoxic effects may depend on the extent of exposure, duration of exposure, and individual susceptibility in several biotransformation and DNA repair genes, as well as adaptation processes.<CoreSc1 atype="GSC" type="Con" conceptID="Con10" novelty="None" advantage="None"/></s>
          <s sid="123">As suggested by the present pilot study, the role of individual DNA repair rates deserves further investigation.<CoreSc1 atype="GSC" type="Mot" conceptID="Mot7" novelty="None" advantage="None"/></s>
        </p>
      </sec>
    </body>
    <back>
      <fn-group>
        <fn fn-type="financial-disclosure">
          <p>This study was supported by grants EU QLK4-CT-1999-01368, GACR 310/01/0802, GACR 310/03/0437, and AVOZ5039906.</p>
        </fn>
        <fn fn-type="conflict">
          <p>The authors declare they have no competing financial interests.</p>
        </fn>
      </fn-group>
      <ref-list>
        <title>References</title>
        <ref id="r1">
          <citation citation-type="journal" xlink:type="simple">
            <person-group person-group-type="author">
              <name name-style="western">
                <surname>Alapetite</surname>
                <given-names>C</given-names>
              </name>
              <name name-style="western">
                <surname>Thirion</surname>
                <given-names>P</given-names>
              </name>
              <name name-style="western">
                <surname>De La Rochefordiere</surname>
                <given-names>A</given-names>
              </name>
              <name name-style="western">
                <surname>Cosset</surname>
                <given-names>JM</given-names>
              </name>
              <name name-style="western">
                <surname>Moustacchi</surname>
                <given-names>E</given-names>
              </name>
            </person-group>
            <year>1999</year>
            <article-title>Analysis by alkaline comet assay of cancer patients with severe reactions to radiotherapy: defective rejoining of radioinduced DNA strand breaks in lymphocytes of breast cancer patients.</article-title>
            <source>Int J Cancer</source>
            <volume>83</volume>
            <fpage>83</fpage>
            <lpage>90</lpage>
          </citation>
        </ref>
        <ref id="r2">
          <citation citation-type="journal" xlink:type="simple">
            <person-group person-group-type="author">
              <name name-style="western">
                <surname>Artuso</surname>
                <given-names>M</given-names>
              </name>
              <name name-style="western">
                <surname>Angotzi</surname>
                <given-names>G</given-names>
              </name>
              <name name-style="western">
                <surname>Bonassi</surname>
                <given-names>S</given-names>
              </name>
              <name name-style="western">
                <surname>Bonatti</surname>
                <given-names>S</given-names>
              </name>
              <name name-style="western">
                <surname>De Ferrari</surname>
                <given-names>M</given-names>
              </name>
              <name name-style="western">
                <surname>Gargano</surname>
                <given-names>D</given-names>
              </name>
              <etal/>
            </person-group>
            <year>1995</year>
            <article-title>Cytogenetic biomonitoring of styrene-exposed plastic boat builders.</article-title>
            <source>Arch Environ Contam Toxicol</source>
            <volume>29</volume>
            <fpage>270</fpage>
            <lpage>274</lpage>
          </citation>
        </ref>
        <ref id="r3">
          <citation citation-type="journal" xlink:type="simple">
            <person-group person-group-type="author">
              <name name-style="western">
                <surname>Bernardini</surname>
                <given-names>S</given-names>
              </name>
              <name name-style="western">
                <surname>Hirvonen</surname>
                <given-names>A</given-names>
              </name>
              <name name-style="western">
                <surname>J&#228;rventaus</surname>
                <given-names>H</given-names>
              </name>
              <name name-style="western">
                <surname>Norppa</surname>
                <given-names>H.</given-names>
              </name>
            </person-group>
            <year>2002</year>
            <article-title>Influence of <italic>GSTM1</italic> and <italic>GSTT1</italic> genotypes on sister chromatid exchange induction by styrene in cultured human lymphocytes.</article-title>
            <source>Carcinogenesis</source>
            <volume>23</volume>
            <fpage>893</fpage>
            <lpage>897</lpage>
          </citation>
        </ref>
        <ref id="r4">
          <citation citation-type="journal" xlink:type="simple">
            <person-group person-group-type="author">
              <name name-style="western">
                <surname>Collins</surname>
                <given-names>AR</given-names>
              </name>
              <name name-style="western">
                <surname>Dusinska</surname>
                <given-names>M</given-names>
              </name>
              <name name-style="western">
                <surname>Gedik</surname>
                <given-names>C</given-names>
              </name>
              <name name-style="western">
                <surname>Stetina</surname>
                <given-names>R</given-names>
              </name>
            </person-group>
            <year>1996</year>
            <article-title>Oxidative damage to DNA: do we have a reliable biomarker?</article-title>
            <source>Environ Health Perspect</source>
            <volume>104</volume>
            <fpage>465</fpage>
            <lpage>469</lpage>
          </citation>
        </ref>
        <ref id="r5">
          <citation citation-type="journal" xlink:type="simple">
            <person-group person-group-type="author">
              <name name-style="western">
                <surname>Collins</surname>
                <given-names>AR</given-names>
              </name>
              <name name-style="western">
                <surname>Dusinska</surname>
                <given-names>M</given-names>
              </name>
              <name name-style="western">
                <surname>Horvathova</surname>
                <given-names>E</given-names>
              </name>
              <name name-style="western">
                <surname>Munro</surname>
                <given-names>E</given-names>
              </name>
              <name name-style="western">
                <surname>Savio</surname>
                <given-names>M</given-names>
              </name>
              <name name-style="western">
                <surname>Stetina</surname>
                <given-names>R</given-names>
              </name>
            </person-group>
            <year>2001</year>
            <article-title>Inter-individual differences in repair of DNA base oxidation measured <italic>in vitro</italic> with the comet assay.</article-title>
            <source>Mutagenesis</source>
            <volume>16</volume>
            <fpage>297</fpage>
            <lpage>301</lpage>
          </citation>
        </ref>
        <ref id="r6">
          <citation citation-type="journal" xlink:type="simple">
            <person-group person-group-type="author">
              <name name-style="western">
                <surname>De Palma</surname>
                <given-names>G</given-names>
              </name>
              <name name-style="western">
                <surname>Manini</surname>
                <given-names>P</given-names>
              </name>
              <name name-style="western">
                <surname>Mozzoni</surname>
                <given-names>P</given-names>
              </name>
              <name name-style="western">
                <surname>Andreoli</surname>
                <given-names>R</given-names>
              </name>
              <name name-style="western">
                <surname>Bergamaschi</surname>
                <given-names>E</given-names>
              </name>
              <name name-style="western">
                <surname>Cavazzini</surname>
                <given-names>S</given-names>
              </name>
              <etal/>
            </person-group>
            <year>2001</year>
            <article-title>Polymorphism of xenobiotic-metabolizing enzymes and excretion of styrene-specific mercapturic acids.</article-title>
            <source>Chem Res Toxicol</source>
            <volume>14</volume>
            <fpage>1393</fpage>
            <lpage>1400</lpage>
          </citation>
        </ref>
        <ref id="r7">
          <citation citation-type="journal" xlink:type="simple">
            <person-group person-group-type="author">
              <name name-style="western">
                <surname>Dikomey</surname>
                <given-names>E</given-names>
              </name>
              <name name-style="western">
                <surname>Brammer</surname>
                <given-names>I</given-names>
              </name>
              <name name-style="western">
                <surname>Johansen</surname>
                <given-names>J</given-names>
              </name>
              <name name-style="western">
                <surname>Bentzen</surname>
                <given-names>SM</given-names>
              </name>
              <name name-style="western">
                <surname>Overgaard</surname>
                <given-names>J</given-names>
              </name>
            </person-group>
            <year>2000</year>
            <article-title>Relationship between DNA double-strand breaks, cell killing, and fibrosis studied in confluent skin fibroblasts derived from breast cancer patients.</article-title>
            <source>Int J Radiat Oncol Biol</source>
            <volume>46</volume>
            <fpage>481</fpage>
            <lpage>490</lpage>
          </citation>
        </ref>
        <ref id="r8">
          <citation citation-type="journal" xlink:type="simple">
            <person-group person-group-type="author">
              <name name-style="western">
                <surname>Dikomey</surname>
                <given-names>ER</given-names>
              </name>
              <name name-style="western">
                <surname>Franzke</surname>
                <given-names>J</given-names>
              </name>
            </person-group>
            <year>1986</year>
            <article-title>Three classes of DNA strand breaks induced by X-irradiation and internal B-rays.</article-title>
            <source>Int J Radiat Biol</source>
            <volume>50</volume>
            <fpage>893</fpage>
            <lpage>908</lpage>
          </citation>
        </ref>
        <ref id="r9">
          <citation citation-type="journal" xlink:type="simple">
            <person-group person-group-type="author">
              <name name-style="western">
                <surname>Fenech</surname>
                <given-names>M.</given-names>
              </name>
            </person-group>
            <year>1998</year>
            <article-title>Important variables that influence base-line micronucleus frequency in cytokinesis-blocked lymphocytes-a biomarker for DNA damage in human populations.</article-title>
            <source>Mutat Res</source>
            <volume>404</volume>
            <fpage>155</fpage>
            <lpage>165</lpage>
          </citation>
        </ref>
        <ref id="r10">
          <citation citation-type="journal" xlink:type="simple">
            <person-group person-group-type="author">
              <name name-style="western">
                <surname>Ghittori</surname>
                <given-names>S</given-names>
              </name>
              <name name-style="western">
                <surname>Maestri</surname>
                <given-names>L</given-names>
              </name>
              <name name-style="western">
                <surname>Imbriani</surname>
                <given-names>M</given-names>
              </name>
              <name name-style="western">
                <surname>Capodaglio</surname>
                <given-names>E</given-names>
              </name>
              <name name-style="western">
                <surname>Cavalleri</surname>
                <given-names>A.</given-names>
              </name>
            </person-group>
            <year>1997</year>
            <article-title>Urinary excretion of specific mercapturic acids in workers exposed to styrene.</article-title>
            <source>Am J Ind Med</source>
            <volume>31</volume>
            <fpage>636</fpage>
            <lpage>644</lpage>
          </citation>
        </ref>
        <ref id="r11">
          <citation citation-type="journal" xlink:type="simple">
            <person-group person-group-type="author">
              <name name-style="western">
                <surname>Haufroid</surname>
                <given-names>V</given-names>
              </name>
              <name name-style="western">
                <surname>Jakubowski</surname>
                <given-names>M</given-names>
              </name>
              <name name-style="western">
                <surname>Janasik</surname>
                <given-names>B</given-names>
              </name>
              <name name-style="western">
                <surname>Ligocka</surname>
                <given-names>D</given-names>
              </name>
              <name name-style="western">
                <surname>Buchet</surname>
                <given-names>JP</given-names>
              </name>
              <name name-style="western">
                <surname>Bergamaschi</surname>
                <given-names>E</given-names>
              </name>
              <etal/>
            </person-group>
            <year>2002</year>
            <article-title>Interest in genotyping and phenotyping of drug-metabolizing enzymes for the interpretation of biological monitoring of exposure to styrene.</article-title>
            <source>Pharmacogenetics</source>
            <volume>12</volume>
            <fpage>691</fpage>
            <lpage>702</lpage>
          </citation>
        </ref>
        <ref id="r12">
          <citation citation-type="journal" xlink:type="simple">
            <person-group person-group-type="author">
              <collab xlink:type="simple">IARC</collab>
            </person-group>
            <year>1994</year>
            <article-title>Styrene.</article-title>
            <source>IARC Monogr Eval Carcinog Risks Hum</source>
            <volume>60</volume>
            <fpage>233</fpage>
            <lpage>346</lpage>
          </citation>
        </ref>
        <ref id="r13">
          <citation citation-type="journal" xlink:type="simple"><person-group person-group-type="author"><collab xlink:type="simple">IARC</collab></person-group><year>2002</year><article-title>Some Traditional Herbal Medicines, Some Mycotoxins, Naphthalene, and Styrene.</article-title><source>IARC Monogr Eval Carcinog Risks Hum</source><fpage>82</fpage>.</citation>
        </ref>
        <ref id="r14">
          <citation citation-type="journal" xlink:type="simple">
            <person-group person-group-type="author">
              <name name-style="western">
                <surname>Jantunen</surname>
                <given-names>K</given-names>
              </name>
              <name name-style="western">
                <surname>M&#228;ki-Paakkanen</surname>
                <given-names>J</given-names>
              </name>
              <name name-style="western">
                <surname>Norppa</surname>
                <given-names>H.</given-names>
              </name>
            </person-group>
            <year>1986</year>
            <article-title>Induction of chromosome aberrations by styrene and vinyl acetate in cultured human lymphocytes: dependence on erythrocytes.</article-title>
            <source>Mutat Res</source>
            <volume>159</volume>
            <fpage>109</fpage>
            <lpage>116</lpage>
          </citation>
        </ref>
        <ref id="r15">
          <citation citation-type="journal" xlink:type="simple">
            <person-group person-group-type="author">
              <name name-style="western">
                <surname>Kogevinas</surname>
                <given-names>M</given-names>
              </name>
              <name name-style="western">
                <surname>Ferro</surname>
                <given-names>G</given-names>
              </name>
              <name name-style="western">
                <surname>Saracci</surname>
                <given-names>R</given-names>
              </name>
              <name name-style="western">
                <surname>Andersen</surname>
                <given-names>A</given-names>
              </name>
              <name name-style="western">
                <surname>Biocca</surname>
                <given-names>M</given-names>
              </name>
              <name name-style="western">
                <surname>Coggon</surname>
                <given-names>D</given-names>
              </name>
              <etal/>
            </person-group>
            <year>1993</year>
            <article-title>Cancer mortality in an international cohort of workers exposed to styrene.</article-title>
            <source>IARC Sci Publ</source>
            <volume>127</volume>
            <fpage>289</fpage>
            <lpage>300</lpage>
          </citation>
        </ref>
        <ref id="r16">
          <citation citation-type="journal" xlink:type="simple">
            <person-group person-group-type="author">
              <name name-style="western">
                <surname>Koskinen</surname>
                <given-names>M</given-names>
              </name>
              <name name-style="western">
                <surname>Vodicka</surname>
                <given-names>P</given-names>
              </name>
              <name name-style="western">
                <surname>Hemminki</surname>
                <given-names>K.</given-names>
              </name>
            </person-group>
            <year>2001</year>
            <article-title>Identification of 1-adenine DNA adducts in workers occupationally exposed to styrene.</article-title>
            <source>J Occup Environ Med</source>
            <volume>43</volume>
            <fpage>694</fpage>
            <lpage>700</lpage>
          </citation>
        </ref>
        <ref id="r17">
          <citation citation-type="journal" xlink:type="simple">
            <person-group person-group-type="author">
              <name name-style="western">
                <surname>Manini</surname>
                <given-names>P</given-names>
              </name>
              <name name-style="western">
                <surname>Andreoli</surname>
                <given-names>R</given-names>
              </name>
              <name name-style="western">
                <surname>Poli</surname>
                <given-names>D</given-names>
              </name>
              <name name-style="western">
                <surname>De Palma</surname>
                <given-names>G</given-names>
              </name>
              <name name-style="western">
                <surname>Mutti</surname>
                <given-names>A</given-names>
              </name>
              <name name-style="western">
                <surname>Niessen</surname>
                <given-names>WMA</given-names>
              </name>
            </person-group>
            <year>2002</year>
            <article-title>Liquid chromatography/electrospray tandem mass spectrometry characterization of styrene metabolism in rat and in man.</article-title>
            <source>Rapid Commun Mass Spectrom</source>
            <volume>16</volume>
            <fpage>2239</fpage>
            <lpage>2248</lpage>
          </citation>
        </ref>
        <ref id="r18">
          <citation citation-type="journal" xlink:type="simple">
            <person-group person-group-type="author">
              <name name-style="western">
                <surname>Manini</surname>
                <given-names>P</given-names>
              </name>
              <name name-style="western">
                <surname>Buzio</surname>
                <given-names>L</given-names>
              </name>
              <name name-style="western">
                <surname>Andreoli</surname>
                <given-names>R</given-names>
              </name>
              <name name-style="western">
                <surname>Goldoni</surname>
                <given-names>M</given-names>
              </name>
              <name name-style="western">
                <surname>Bergamaschi</surname>
                <given-names>E</given-names>
              </name>
              <name name-style="western">
                <surname>Jakubowski</surname>
                <given-names>M</given-names>
              </name>
              <etal/>
            </person-group>
            <year>2003</year>
            <article-title>Assessment of biotransformation of the arene moiety of styrene in volunteers and occupationally exposed workers.</article-title>
            <source>Toxicol Appl Pharmacol</source>
            <volume>189</volume>
            <fpage>160</fpage>
            <lpage>169</lpage>
          </citation>
        </ref>
        <ref id="r19">
          <citation citation-type="journal" xlink:type="simple">
            <person-group person-group-type="author">
              <name name-style="western">
                <surname>Marczynski</surname>
                <given-names>B</given-names>
              </name>
              <name name-style="western">
                <surname>Peel</surname>
                <given-names>M</given-names>
              </name>
              <name name-style="western">
                <surname>Baur</surname>
                <given-names>X.</given-names>
              </name>
            </person-group>
            <year>2000</year>
            <article-title>New aspects in genotoxic risk assessment of styrene exposure-a working hypothesis.</article-title>
            <source>Med Hypotheses</source>
            <volume>54</volume>
            <fpage>619</fpage>
            <lpage>625</lpage>
          </citation>
        </ref>
        <ref id="r20">
          <citation citation-type="journal" xlink:type="simple">
            <person-group person-group-type="author">
              <name name-style="western">
                <surname>Migliore</surname>
                <given-names>L</given-names>
              </name>
              <name name-style="western">
                <surname>Botto</surname>
                <given-names>N</given-names>
              </name>
              <name name-style="western">
                <surname>Scarpato</surname>
                <given-names>R</given-names>
              </name>
              <name name-style="western">
                <surname>Petrozzi</surname>
                <given-names>L</given-names>
              </name>
              <name name-style="western">
                <surname>Cipriani</surname>
                <given-names>G</given-names>
              </name>
              <name name-style="western">
                <surname>Bonuccelli</surname>
                <given-names>U.</given-names>
              </name>
            </person-group>
            <year>1999</year>
            <article-title>Preferential occurence of chromosome 21 malsegregation in peripheral blood lymphocytes of Alzheimer patients.</article-title>
            <source>Cytogenet Cell Genet</source>
            <volume>87</volume>
            <fpage>41</fpage>
            <lpage>46</lpage>
          </citation>
        </ref>
        <ref id="r21">
          <citation citation-type="journal" xlink:type="simple">
            <person-group person-group-type="author">
              <name name-style="western">
                <surname>Natarajan</surname>
                <given-names>AT</given-names>
              </name>
            </person-group>
            <year>2002</year>
            <article-title>Chromosome aberrations: past, present and future.</article-title>
            <source>Mutat Res</source>
            <volume>504</volume>
            <fpage>3</fpage>
            <lpage>16</lpage>
          </citation>
        </ref>
        <ref id="r22">
          <citation citation-type="journal" xlink:type="simple">
            <person-group person-group-type="author">
              <name name-style="western">
                <surname>Pero</surname>
                <given-names>RW</given-names>
              </name>
              <name name-style="western">
                <surname>Bryngelsson</surname>
                <given-names>T</given-names>
              </name>
              <name name-style="western">
                <surname>H&#246;gstedt</surname>
                <given-names>B</given-names>
              </name>
              <name name-style="western">
                <surname>&#197;kesson</surname>
                <given-names>B</given-names>
              </name>
            </person-group>
            <year>1982</year>
            <article-title>Occupational and <italic>in vitro</italic> exposure to styrene assessed by unscheduled DNA synthesis in resting human lymphocytes.</article-title>
            <source>Carcinogenesis</source>
            <volume>3</volume>
            <fpage>681</fpage>
            <lpage>685</lpage>
          </citation>
        </ref>
        <ref id="r23">
          <citation citation-type="journal" xlink:type="simple">
            <person-group person-group-type="author">
              <name name-style="western">
                <surname>Pfaffli</surname>
                <given-names>P</given-names>
              </name>
              <name name-style="western">
                <surname>Hesso</surname>
                <given-names>A</given-names>
              </name>
              <name name-style="western">
                <surname>Vainio</surname>
                <given-names>H</given-names>
              </name>
              <name name-style="western">
                <surname>Hyv&#246;nen</surname>
                <given-names>M.</given-names>
              </name>
            </person-group>
            <year>1981</year>
            <article-title>4-Vinylphenol excretion suggestive of arene oxide formation in workers occupationally exposed to styrene.</article-title>
            <source>Toxicol Appl Pharmacol</source>
            <volume>60</volume>
            <fpage>85</fpage>
            <lpage>90</lpage>
          </citation>
        </ref>
        <ref id="r24">
          <citation citation-type="journal" xlink:type="simple">
            <person-group person-group-type="author">
              <name name-style="western">
                <surname>Popanda</surname>
                <given-names>O</given-names>
              </name>
              <name name-style="western">
                <surname>Ebbeler</surname>
                <given-names>R</given-names>
              </name>
              <name name-style="western">
                <surname>Twardella</surname>
                <given-names>D</given-names>
              </name>
              <name name-style="western">
                <surname>Helmbold</surname>
                <given-names>I</given-names>
              </name>
              <name name-style="western">
                <surname>Gotzes</surname>
                <given-names>F</given-names>
              </name>
              <name name-style="western">
                <surname>Schmezer</surname>
                <given-names>P</given-names>
              </name>
              <etal/>
            </person-group>
            <year>2003</year>
            <article-title>Radiation-induced DNA damage and repair in lymphocytes from breast cancer patients and their correlation with acute skin reactions to radiotherapy.</article-title>
            <source>Int J Radiat Oncol Biol Phys</source>
            <volume>55</volume>
            <fpage>1216</fpage>
            <lpage>1225</lpage>
          </citation>
        </ref>
        <ref id="r25">
          <citation citation-type="journal" xlink:type="simple">
            <person-group person-group-type="author">
              <name name-style="western">
                <surname>Sakai</surname>
                <given-names>K</given-names>
              </name>
              <name name-style="western">
                <surname>Okada</surname>
                <given-names>S.</given-names>
              </name>
            </person-group>
            <year>1984</year>
            <article-title>Radiation-induced DNA damage and cellular lethality in cultured mammalian cells.</article-title>
            <source>Radiat Res</source>
            <volume>98</volume>
            <fpage>479</fpage>
            <lpage>490</lpage>
          </citation>
        </ref>
        <ref id="r26">
          <citation citation-type="journal" xlink:type="simple">
            <person-group person-group-type="author">
              <name name-style="western">
                <surname>Somorovska</surname>
                <given-names>M</given-names>
              </name>
              <name name-style="western">
                <surname>Jahnova</surname>
                <given-names>E</given-names>
              </name>
              <name name-style="western">
                <surname>Tulinska</surname>
                <given-names>J</given-names>
              </name>
              <name name-style="western">
                <surname>Zamecnikova</surname>
                <given-names>M</given-names>
              </name>
              <name name-style="western">
                <surname>Sarmanova</surname>
                <given-names>J</given-names>
              </name>
              <name name-style="western">
                <surname>Terenova</surname>
                <given-names>A</given-names>
              </name>
              <etal/>
            </person-group>
            <year>1999</year>
            <article-title>Biomonitoring of occupational exposure to styrene in a plastic lamination plant.</article-title>
            <source>Mutat Res</source>
            <volume>428</volume>
            <fpage>255</fpage>
            <lpage>269</lpage>
          </citation>
        </ref>
        <ref id="r27">
          <citation citation-type="journal" xlink:type="simple">
            <person-group person-group-type="author">
              <name name-style="western">
                <surname>Symanski</surname>
                <given-names>E</given-names>
              </name>
              <name name-style="western">
                <surname>Bergamaschi</surname>
                <given-names>E</given-names>
              </name>
              <name name-style="western">
                <surname>Mutti</surname>
                <given-names>A.</given-names>
              </name>
            </person-group>
            <year>2001</year>
            <article-title>Inter- and intra-individual sources of variation in levels of urinary styrene metabolites.</article-title>
            <source>Int Arch Occup Environ Health</source>
            <volume>74</volume>
            <fpage>336</fpage>
            <lpage>344</lpage>
          </citation>
        </ref>
        <ref id="r28">
          <citation citation-type="journal" xlink:type="simple">
            <person-group person-group-type="author">
              <name name-style="western">
                <surname>Tates</surname>
                <given-names>AD</given-names>
              </name>
              <name name-style="western">
                <surname>Grummt</surname>
                <given-names>T</given-names>
              </name>
              <name name-style="western">
                <surname>Van Damm</surname>
                <given-names>FJ</given-names>
              </name>
              <name name-style="western">
                <surname>De Zwart</surname>
                <given-names>F</given-names>
              </name>
              <name name-style="western">
                <surname>Kasper</surname>
                <given-names>FJ</given-names>
              </name>
              <name name-style="western">
                <surname>Rothe</surname>
                <given-names>R</given-names>
              </name>
              <etal/>
            </person-group>
            <year>1994</year>
            <article-title>Measurement of frequencies of HPRT mutants, chromosomal aberrations, micronuclei, sister-chromatid exchanges and cells with high frequencies of SCEs in styrene/dichloromethane-exposed workers.</article-title>
            <source>Mutat Res</source>
            <volume>313</volume>
            <fpage>249</fpage>
            <lpage>262</lpage>
          </citation>
        </ref>
        <ref id="r29">
          <citation citation-type="journal" xlink:type="simple">
            <person-group person-group-type="author">
              <name name-style="western">
                <surname>Valjus</surname>
                <given-names>J</given-names>
              </name>
              <name name-style="western">
                <surname>Norppa</surname>
                <given-names>H</given-names>
              </name>
              <name name-style="western">
                <surname>J&#228;rventaus</surname>
                <given-names>H</given-names>
              </name>
              <name name-style="western">
                <surname>Sorsa</surname>
                <given-names>M</given-names>
              </name>
              <name name-style="western">
                <surname>Nykyri</surname>
                <given-names>E</given-names>
              </name>
              <name name-style="western">
                <surname>Salomaa</surname>
                <given-names>S</given-names>
              </name>
              <etal/>
            </person-group>
            <year>1993</year>
            <article-title>Analysis of chromosomal aberrations, sister chromatid exchanges and micronuclei among power linesmen with long-term exposure to 50-Hz electric and magnetic fields.</article-title>
            <source>Radiat Environ Biophys</source>
            <volume>32</volume>
            <fpage>325</fpage>
            <lpage>336</lpage>
          </citation>
        </ref>
        <ref id="r30">
          <citation citation-type="journal" xlink:type="simple">
            <person-group person-group-type="author">
              <name name-style="western">
                <surname>Vodicka</surname>
                <given-names>P</given-names>
              </name>
              <name name-style="western">
                <surname>Bastlova</surname>
                <given-names>T</given-names>
              </name>
              <name name-style="western">
                <surname>Vodickova</surname>
                <given-names>L</given-names>
              </name>
              <name name-style="western">
                <surname>Peterkova</surname>
                <given-names>K</given-names>
              </name>
              <name name-style="western">
                <surname>Lambert</surname>
                <given-names>B</given-names>
              </name>
              <name name-style="western">
                <surname>Hemminki</surname>
                <given-names>K.</given-names>
              </name>
            </person-group>
            <year>1995</year>
            <article-title>Biomarkers of styrene exposure in lamination workers: levels of O<sup>6</sup>-guanine DNA adducts, DNA strand breaks and mutant frequencies in the hypoxanthine guanine phosphoribosyltransferase gene in T-lymphocytes.</article-title>
            <source>Carcinogenesis</source>
            <volume>16</volume>
            <fpage>1473</fpage>
            <lpage>1481</lpage>
          </citation>
        </ref>
        <ref id="r31">
          <citation citation-type="journal" xlink:type="simple">
            <person-group person-group-type="author">
              <name name-style="western">
                <surname>Vodicka</surname>
                <given-names>P</given-names>
              </name>
              <name name-style="western">
                <surname>Koskinen</surname>
                <given-names>M</given-names>
              </name>
              <name name-style="western">
                <surname>Arand</surname>
                <given-names>M</given-names>
              </name>
              <name name-style="western">
                <surname>Oesch</surname>
                <given-names>F</given-names>
              </name>
              <name name-style="western">
                <surname>Hemminki</surname>
                <given-names>K.</given-names>
              </name>
            </person-group>
            <year>2002</year>
            <article-title>Spectrum of styrene-induced DNA adducts: the relationship to other biomarkers and prospects to human biomonitoring.</article-title>
            <source>Mutat Res</source>
            <volume>511</volume>
            <fpage>239</fpage>
            <lpage>254</lpage>
          </citation>
        </ref>
        <ref id="r32">
          <citation citation-type="journal" xlink:type="simple">
            <person-group person-group-type="author">
              <name name-style="western">
                <surname>Vodicka</surname>
                <given-names>P</given-names>
              </name>
              <name name-style="western">
                <surname>Koskinen</surname>
                <given-names>M</given-names>
              </name>
              <name name-style="western">
                <surname>Stetina</surname>
                <given-names>R</given-names>
              </name>
              <name name-style="western">
                <surname>Soucek</surname>
                <given-names>P</given-names>
              </name>
              <name name-style="western">
                <surname>Vodickova</surname>
                <given-names>L</given-names>
              </name>
              <name name-style="western">
                <surname>Matousu</surname>
                <given-names>Z</given-names>
              </name>
              <etal/>
            </person-group>
            <year>2003</year>
            <article-title>The role of various biomarkers in the evaluation of styrene genotoxicity.</article-title>
            <source>Cancer Detect Prev</source>
            <volume>27</volume>
            <fpage>275</fpage>
            <lpage>284</lpage>
          </citation>
        </ref>
        <ref id="r33">
          <citation citation-type="journal" xlink:type="simple">
            <person-group person-group-type="author">
              <name name-style="western">
                <surname>Vodicka</surname>
                <given-names>P</given-names>
              </name>
              <name name-style="western">
                <surname>Soucek</surname>
                <given-names>P</given-names>
              </name>
              <name name-style="western">
                <surname>Tates</surname>
                <given-names>AD</given-names>
              </name>
              <name name-style="western">
                <surname>Dusinska</surname>
                <given-names>M</given-names>
              </name>
              <name name-style="western">
                <surname>Sarmanova</surname>
                <given-names>J</given-names>
              </name>
              <name name-style="western">
                <surname>Zamecnikova</surname>
                <given-names>M</given-names>
              </name>
              <etal/>
            </person-group>
            <year>2001</year>
            <article-title>Association between genetic polymorphism and biomarkers in styrene-exposed workers.</article-title>
            <source>Mutat Res</source>
            <volume>482</volume>
            <fpage>91</fpage>
            <lpage>105</lpage>
          </citation>
        </ref>
        <ref id="r34">
          <citation citation-type="journal" xlink:type="simple">
            <person-group person-group-type="author">
              <name name-style="western">
                <surname>Vodicka</surname>
                <given-names>P</given-names>
              </name>
              <name name-style="western">
                <surname>Tvrdik</surname>
                <given-names>T</given-names>
              </name>
              <name name-style="western">
                <surname>Osterman-Golkar</surname>
                <given-names>S</given-names>
              </name>
              <name name-style="western">
                <surname>Vodickova</surname>
                <given-names>L</given-names>
              </name>
              <name name-style="western">
                <surname>Peterkova</surname>
                <given-names>K</given-names>
              </name>
              <name name-style="western">
                <surname>Soucek</surname>
                <given-names>P</given-names>
              </name>
              <etal/>
            </person-group>
            <year>1999</year>
            <article-title>An evaluation of styrene genotoxicity using several biomarkers in a 3-year follow-up study of hand-lamination workers.</article-title>
            <source>Mutat Res</source>
            <volume>445</volume>
            <fpage>205</fpage>
            <lpage>224</lpage>
          </citation>
        </ref>
        <ref id="r35">
          <citation citation-type="book" xlink:type="simple">
            <comment>WHO. 2001. Styrene. In: Air Quality Guidelines for Europe, 2000; Full Background Material to WHO Regional Publications. European Series, No. 91. 2nd ed. Copenhagen:World Health Organization Regional Office for Europe, 1-31.</comment>
          </citation>
        </ref>
        <ref id="r36">
          <citation citation-type="book" xlink:type="simple">
            <comment>World Medical Association Declaration of Helsinki. 1964. Ethical Principles for Medical Research Involving Human Subjects. World Medical Association Declaration of Helsinki. Helsinki, Finland:18th World Medical Association General Assembly.</comment>
          </citation>
        </ref>
      </ref-list>
    </back>
  </article>
</PAPER>